,Ten,Hinh,Gia,Mota,GoiY,TheLoai
0,Thu・ｻ・c kﾃｭch r・ｻ・ Thﾃ｡i,https://hoalanhuyanh.com/userfiles/image/vat-tu/thuoc/kich-re-hang-thai-1-1.jpg,100000,"Thu・ｻ・c kﾃｭch r・ｻ・ cﾃｴng c・ｻ･ hi・ｻ・u qu・ｺ｣ giﾃｺp nhﾃ vﾆｰ・ｻ・n, ngﾆｰ・ｻ・i tr・ｻ・ng lan thﾃｺc ﾄ・・ｺｩy s・ｻｱ phﾃ｡t tri・ｻ・n c・ｻｧa cﾃ｢y sau khi ghﾃｩp",,Gia ?・nh
1,Ch・ｺｭu tr・ｺｧm nestor ﾄ・・ｺｹp,https://hoalanhuyanh.com/userfiles/image/gio-lan/chau-nestor/anh-nho-chau-nestor-4-dau-1.jpg,350000,"Tr・ｺｧm nestor lo・ｺ｡i tr・ｺｧm ﾄ・a ph・ｺｧn ra bﾃｴng to mﾃu ﾄ・・ｺｭm, r・ｺ･t thﾆ｡m. ﾄ・・ｺｷc bi・ｻ・t cﾃ｢y r・ｺ･t kh・ｻ・e, r・ｺ･t sai hoa. Cﾃｹng mﾃｹa hoa v・ｻ・i tr・ｺｧm tﾃｭm.",,Sinh Nh?t
2,Gi・ｺ｣ h・ｺ｡c sao thiﾃｪn vﾆｰﾆ｡ng,https://hoalanhuyanh.com/userfiles/image/shop-hoa-lan/gia-hac/sao-thien-vuong/anh-nho-sao-thien-vuong-hinh-hoa.jpg,700000,"Sao thiﾃｪn vﾆｰﾆ｡ng lﾃ lo・ｺ｡i gi・ｺ｣ h・ｺ｡c cﾃｳ m・ｺｷt bﾃｴng c・ｻｱc ﾄ・・ｺｹp, lﾃ cﾃ｢y tem nhﾃ｢n gi・ｻ・ng ra nhi・ｻ・u m・ｺｷt hoa khﾃ｡c tﾆｰﾆ｡ng t・ｻｱ. Cﾃ｢y r・ｺ･t ﾄ・・ｺｹp, thﾃ｢n m・ｺｭp",,Khai Tr??ng
3,Thiﾃｪn cung 3 lﾆｰ・ｻ｡i,https://hoalanhuyanh.com/userfiles/image/shop-hoa-lan/doc-dao/thien-cung-3-luoi/anh-nho-hinh-hoa-thien-cung-3-luoi.jpg,850000,"Bﾃｴng hoa lan 3 lﾆｰ・ｻ｡i c・ｻｱc hi・ｺｿm g・ｺｷp vﾃ vﾃｴ cﾃｹng ﾄ・・ｺｹp, thay vﾃｬ 1 chﾃｺng cﾃｳ ﾄ・・ｺｿn 3 lﾆｰ・ｻ｡i, ch・ｻ・ cﾃｲn l・ｺ｡i 3 cﾃ｡nh dﾃi. Trong s・ｻ・ cﾃ｡c ki・ｻ・u hoa thﾃ｢n thﾃｲng thﾃｬ phom hoa nﾃy lﾃ hi・ｺｿm g・ｺｷp nh・ｺ･t.",,20/11
4,Tr・ｺｧm thiﾃｪn long,https://hoalanhuyanh.com/userfiles/image/shop-hoa-lan/tram/thien-long/anh-nho-thien-long-hinh-hoa.jpg,450000,"Thiﾃｪn long tﾃｪn m・ｻ・t lo・ｺ｡i tr・ｺｧm c・ｻｧa ﾄ・ﾃi Loan cﾃｳ hoa h・ｻ・i t・ｻ･ ﾄ・・ｺｧy ﾄ・・ｻｧ y・ｺｿu t・ｻ・ ﾄ・ﾆｰ・ｻ｣c coi lﾃ bﾃｴng tr・ｺｧm ﾄ・・ｺｹp, cﾃ｡nh b・ｺｧu, mﾃu ﾄ・・ｻ・ ﾄ・・ｻ・u, m・ｺｯt ﾄ・・ｺｭm, r・ｺ･t thﾆ｡m, bﾃｴng to.ﾂ",,Thanh Cao
5,"Gi・ｺ｣ h・ｺ｡c 5 cﾃ｡nh tr・ｺｯng h・ｻ・ng h・ｻ・ng, hﾃng ﾄ・ﾃi",https://hoalanhuyanh.com/userfiles/image/shop-hoa-lan/phi-diep/5ct-dai/5ct-dai-loan-1-2.jpg,450000,"Gi・ｺ｣ h・ｺ｡c 5 cﾃ｡nh tr・ｺｯng h・ｻ・ng h・ｻ・ng (Den anosmum var semir aba pink), hﾃng ﾄ・ﾃi Loan hay phi ﾄ・i・ｻ・p 5 cﾃ｡nh tr・ｺｯng h・ｻ・ng h・ｻ・ng, m・ｻ・i m・ｺｧm dﾃi kho・ｺ｣ng 20cm, ﾄ・ang phﾃ｡t tri・ｻ・n m・ｺ｡nh. Xem hﾃｬnh ・ｺ｣nh bﾃｪn dﾆｰ・ｻ・i.",,T・nh Y・u
6,Tr・ｺｧm tr・ｺｯng hﾃng Thﾃ｡i,https://hoalanhuyanh.com/userfiles/image/shop-hoa-lan/tram/trang-thai/tram-trang-thai-cay-dep-3-2.jpg,260000,"Tr・ｺｧm tr・ｺｯng hﾃng Thﾃ｡i , c・ｺｭy ﾄ・・ｺｹp ﾄ・ang phﾃ｡t tri・ｻ・n t・ｻ・t, cﾃ｡c bﾃ｡c cﾃｳ th・ｻ・ xem hﾃｬnh ・ｺ｣nh th・ｻｱc t・ｺｿ bﾃｪn dﾆｰ・ｻ・i nhﾃｩ, em bﾃ｡n cﾃ｢y nhﾆｰ hﾃｬnh. Tho・ｺ｣i mﾃ｡i hoa mﾃｹa t・ｻ・i",,Gia ?・nh
7,Ki・ｺｿm vﾃng,https://hoalanhuyanh.com/userfiles/image/shop-hoa-lan/lan-dep-khac/kiem/kiem-vang-3-1.jpg,1500000,"Lo・ｺ｡i ki・ｺｿm nﾃy khﾃ｡ d・ｻ・ chﾄ・m sﾃｳc, hoa ﾄ・・ｺｹp mﾃu vﾃng vﾃo mﾃｹa hﾃｨ, cﾃ｢y r・ｺ･t kh・ｻ・e. Phﾃｹ h・ｻ｣p v・ｻ・i khﾃｭ h・ｺｭu nhi・ｻ・u vﾃｹng",,?am M・ Huy?n B・
8,Gi・ｺ｣ h・ｺ｡c Ch・ｻ・p m・ｻｹ,https://hoalanhuyanh.com/userfiles/image/shop-hoa-lan/doc-dao/hoa-lan-chop-my-1-1.jpg,1300000,"M・ｺｷt bﾃｴng ﾄ・・ｺｹp, l・ｺ｡ ﾄ・ﾆｰ・ｻ｣c nhi・ｻ・u ngﾆｰ・ｻ・i yﾃｪu thﾃｭch. Mﾃu ch・ｻ・p tr・ｺｯng tﾃｭm, bﾃｴng to. Lo・ｺ｡i lan nﾃy dﾃnh ﾄ・ﾆｰ・ｻ｣c gi・ｺ｣i thﾆｰ・ｻ・ng hoa lan ﾄ・・ｺｹp nh・ｺ･t c・ｻｧa M・ｻｹ, vﾃｬ th・ｺｿ m・ｻ・i ngﾆｰ・ｻ・i g・ｻ・i lﾃ ch・ｻ・p m・ｻｹ. Hi・ｻ・n t・ｺ｡i ・ｻ・ vi・ｻ・t nam ﾄ・ﾃ｢y v・ｺｫn lﾃ m・ｻ・t gi・ｻ・ng lan hi・ｺｿm, cﾃｳ giﾃ｡ khﾃ｡ cao, nhﾆｰng m・ｺｷt bﾃｴng thﾃｬ th・ｻｱc s・ｻｱ x・ｻｩng ﾄ・ﾃ｡ng.",,S? Ki?n
9,Ono 15,https://hoalanhuyanh.com/userfiles/image/shop-hoa-lan/tram/2017/ono/hinh-hoa-ono-15-1.jpg,180000,"Hﾃng ﾄ・ﾃi nﾃｪn m・ｺｷt hoa r・ｺ･t ﾄ・・ｺｹp vﾃ chu・ｺｩn. Gi・ｺ｣ h・ｺ｡c ONO 15 cﾃｳ thﾃ｢n khﾃ｡ gi・ｻ・ng hoa h・ｻ・ng ﾄ・・ｻ・ hay h・ｻ・ng ng・ｻ・c nhﾆｰng phom hoa hoﾃn toﾃn khﾃ｡c, r・ｺ･t n・ｻ・i b・ｺｭt. B・ｺ｣o hﾃnh m・ｺｷt hoa",,Sinh Nh?t
10,Gi・ｺ｣ h・ｺ｡c 5 cﾃ｡nh tr・ｺｯng h・ｻ・ng tﾃｭm,https://hoalanhuyanh.com/userfiles/image/shop-hoa-lan/phi-diep/2017/5canhtrangtim/5-canh-trang-hong-tim-1-1.jpg,250000,"Cﾃ｢y kh・ｻ・e ﾄ・・ｺｹp, hﾃng ﾄ・ﾃi loan , b・ｺ｣o hﾃnh m・ｺｷt hoa 5 cﾃ｡nh tr・ｺｯng h・ｻ・ng tﾃｭm. Hi・ｻ・n t・ｺ｡i em bﾃ｡n ﾄ・ang tr・ｻ・ng c・ｻ・c rﾃｪu gi・ｻｯ ・ｺｩm, cﾃｳ 2 c・ｻ｡ ﾄ・・ｻ・u cﾃｳ th・ｻ・ hoa mﾃｹa t・ｻ・i",,Trang Tr?ng
11,Tr・ｺｧm 6 cﾃ｡nh hﾃng ﾄ・ﾃi,https://hoalanhuyanh.com/userfiles/image/shop-hoa-lan/tram/6-canh/tram-6-canh-3-1.jpg,400000,"Cﾃ｢y mﾃｴ nﾄ・m 2 nﾃｪn r・ｺ･t kh・ｻ・e, cﾃ｡c thﾃ｢n non phﾃ｡t tri・ｻ・n m・ｺ｡nh. Hoa 6 cﾃ｡nh, s・ｺｯc ﾄ・・ｻ・ mﾃu tﾃｭm ho・ｺｷc ﾄ・・ｻ・ khﾃ｡c nhau.",,V?n Ph・ng
12,Gi・ｺ｣ h・ｺ｡c ﾄ・・ｺ｡i b・ｺ｡ch long,https://hoalanhuyanh.com/userfiles/image/shop-hoa-lan/phi-diep/gia-hac/dai-bach-long-3-1.jpg,220000,ﾄ・ﾃ｢y lﾃ lo・ｺ｡i lan n・ｻ・i ti・ｺｿng v・ｻ・i chi・ｻ・u dﾃi vﾃ m・ｺｷt hoa ﾄ・・ｺｹp c・ｻｧa ﾄ・ﾃi loan. Cﾃ｢y cﾃｳ hoa tr・ｺｯng vﾃ chi・ｻ・u dﾃi kh・ｻｧng nﾃｪn hoﾃn toﾃn x・ｻｩng ﾄ・ﾃ｡ng v・ｻ・i tﾃｪn ﾄ・・ｺ｡i b・ｺ｡ch long,,Sinh Nh?t
13,Gi・ｺ｣ h・ｺ｡c 4N,https://hoalanhuyanh.com/userfiles/image/shop-hoa-lan/phi-diep/gia-hac/gia-hac-4n-3-1.jpg,260000,"ﾄ・・ｺｷc ﾄ・i・ｻ・m gi・ｺ｣ h・ｺ｡c 4N bﾃｴng to, r・ｺ･t sai hoa, mﾃu hoa ﾄ・・ｺｭm, thﾆ｡m. Thﾃ｢n cﾃ｢y to phﾃ｡t tri・ｻ・n r・ｺ･t nhanh, lﾃ｡ trﾃｲn trﾃｲn r・ｺ･t ﾄ・・ｺｹp.ﾂ",,T?ng M?
14,Tr・ｺｧm 6 m・ｺｯt,https://hoalanhuyanh.com/userfiles/image/shop-hoa-lan/tram/6-mat/tram-6-mat-4-1.jpg,240000,"Cﾃｳ nhi・ｻ・u m・ｺｷt, hoa cﾃ｡c bﾃｴng cﾃｳ m・ｺｯt ﾄ・・ｺ｡m, nh・ｺ｡t, to nh・ｻ・ khﾃ｡c nhau. Cﾃ｡c bﾃｴng chu・ｺｩn cﾃｳ giﾃ｡ tr・ｻ・ cao lﾃ bﾃｴng cﾃｳ ﾄ・・ｻｧ 6 m・ｺｯt ﾄ・・ｺｭm vﾃ kﾃｭch thﾆｰ・ｻ・c cﾃ｡c m・ｺｯt ﾄ・・ｻ・ng ﾄ・・ｻ・u.",,Gia ?・nh
15,Gi・ｺ｣ h・ｺ｡c h・ｻ・ng bﾃｺp bﾃｪ,https://hoalanhuyanh.com/userfiles/image/shop-hoa-lan/gia-hac/hong-bup-be/anh-nho-hoa-gia-hac-hong-bup-be.jpg,320000,"Gi・ｺ｣ h・ｺ｡c h・ｻ・ng bﾃｺp bﾃｪ, cﾃ｢y ﾄ・・ｺｹp mﾃ hoa l・ｺ｡i cﾃng ﾄ・・ｺｹp hﾆ｡n, cﾃｳ nﾃｩt gi・ｻ・ng sao thiﾃｪn vﾆｰﾆ｡ng nhﾆｰng nh・ｺｹ nhﾃng, tinh t・ｺｿ hﾆ｡n. ﾄ・ﾃ｢y lﾃ m・ｻ・t gi・ｻ・ng gi・ｺ｣ h・ｺ｡c m・ｻ・i c・ｻｧa ﾄ・ﾃi Loan. [Cﾃ｢y to, Hoa mﾃｹa t・ｻ・i]",,?am M・ Huy?n B・
16,Tr・ｺｧm Thanh Hoa cﾃ｡nh ﾃ｡m,https://hoalanhuyanh.com/userfiles/image/shop-hoa-lan/tram/thanh-hoa/anh-nho-hinh-hoa-tram-thanh-hoa.jpg,350000,Bﾃｴng tr・ｺｧm nﾃy lﾃ s・ｻｱ k・ｺｿt h・ｻ｣p c・ｻｧa lo・ｺ｡i tr・ｺｧm thanh hoa n・ｻ・i ti・ｺｿng vﾃ tr・ｺｧm ﾃ｡m m・ｺｯt nai. M・ｺｷc dﾃｹ lﾃ cﾃ｢y lai nhﾆｰng ﾄ・ﾃ｣ cho hoa ・ｻ・n ﾄ・・ｻ・nh nﾄ・m trﾆｰ・ｻ・c,,20/11
17,Tr・ｺｧm tﾃｭm tr・ｻ・ng vﾆｰ・ｻ・n ﾄ・ﾃ｣ lﾃ｢u,https://hoalanhuyanh.com/userfiles/image/gio-lan/tram-tim/thuan-lau/hinh-hoa-tram-tim.jpg,300000,"Tr・ｺｧm tﾃｭm tr・ｻ・ng g・ｻ・ ho・ｺｷc ch・ｺｭu nh・ｻｯa, d・ｻ・ dﾃng ghﾃｩp giﾃ｡ th・ｻ・ m・ｻ・i, nhi・ｻ・u ng・ｻ・n dﾃi, t・ｺ･t c・ｺ｣ ﾄ・・ｻ・u trﾃｪn 3 nﾄ・m. Nﾄ・m nﾃo cﾅｩng sai hoa, cﾃ｢y r・ｺ･t kh・ｻ・e, d・ｻ・ chﾄ・m",,T?ng M?
18,Tr・ｺｧm 5 cﾃ｡nh tr・ｺｯng m・ｺｯt h・ｻ・ng ng・ｻ・c,https://hoalanhuyanh.com/userfiles/image/shop-hoa-lan/tram/5-ct/hong-ngoc/anh-nho-hinh-hoa-5-ct-mat-hong-ngoc.jpg,380000,Bﾃｴng tr・ｺｧm 5 cﾃ｡nh tr・ｺｯng m・ｺｯt h・ｻ・ng ng・ｻ・c cﾃｳ phom hoa tﾆｰﾆ｡ng t・ｻｱ nhﾆｰ 5 cﾃ｡nh tr・ｺｯng m・ｺｯt ﾄ・・ｻ・ hay 5 cﾃ｡nh tr・ｺｯng blue nhﾆｰng nhﾃｬn k・ｻｹ s・ｺｽ th・ｺ･y m・ｺｯt cﾃｳ s・ｻｱ khﾃ｡c bi・ｻ・t,,Sinh Nh?t
19,Tr・ｺｧm ﾃ｡m m・ｺｯt tﾃｭm ﾄ・・ｺｭm,https://hoalanhuyanh.com/userfiles/image/shop-hoa-lan/tram/am-mat-tim/anh-nho-hoa-mau-dai-loan-sai-hoa.jpg,350000,"Cﾃ｡nh r・ｺ･t s・ｺ｡ch ch・ｻ・ dﾃｭnh chﾃｺt ﾃｭt v・ｻ・t mﾃu r・ｺ･t khﾃｳ th・ｺ･y, cﾃ｡nh b・ｺｧu ﾄ・・ｺｹp, ﾄ・・ｺｷc bi・ｻ・t m・ｺｯt tﾃｭm ﾄ・・ｺｭm. Cﾃｳ 2 lo・ｺ｡i ﾄ・ﾃ｣ x・ｻ・ hoa vﾃ chﾆｰa x・ｻ・ hoa, lo・ｺ｡i tr・ｺｧm nﾃy r・ｺ･t sai hoa.",,T?ng M?
20,Tr・ｺｧm tﾃｭm lai Hawaii tﾃｭm,https://hoalanhuyanh.com/userfiles/image/shop-hoa-lan/lai/tram-lai-hawaii/anh-nho-hinh-hoa-tham-khao.jpg,220000,"Tr・ｺｧm tﾃｭm cﾃｳ phom hoa ﾄ・・ｺｹp hﾆｰﾆ｡ng thﾆ｡m n・ｻ・ng nﾃn, trong khi ﾄ・ﾃｳ Hawaii cﾅｩng r・ｺ･t thﾆ｡m bﾃｴng hﾆ｡i r・ｻｧ nhﾆｰng l・ｺ｡i to. Khﾃｴng bi・ｺｿt 2 lo・ｺ｡i nﾃy s・ｺｽ ra hﾆｰﾆ｡ng nhﾆｰ nﾃo? Cﾃ｡c bﾃ｡c cﾃｳ hﾃｳng cﾃｹng em khﾃｴng?",,T?ng M?
21,Hawai lﾃ｡ biﾃｪn,https://hoalanhuyanh.com/userfiles/image/shop-hoa-lan/lan-dep-khac/hawai-la-bien-1.jpg,240000,"Gi・ｺ｣ h・ｺ｡c hawai lo・ｺ｡i lﾃ｡ biﾃｪn, hoa mﾃu tﾃｭm ﾄ・・ｺｭm r・ｺ･t ﾄ・・ｺｹp. Cﾃ｢y ﾄ・ang dﾃi kho・ｺ｣ng 35 cm - 40cm. Biﾃｪn c・ｺ｣ vi・ｻ・n lﾃ｡ nhﾃｩ, ch・ｺｯc ch・ｺｯn lﾃ n・ｻ・i b・ｺｭt.ﾂ",,T・nh Y・u
22,Tr・ｺｧm lai vﾃｴi nh・ｺｭt,https://hoalanhuyanh.com/userfiles/image/shop-hoa-lan/lai/tramxvoinhat/tram-lai-voi-nhat-1-1.jpg,230000,Hﾃng lai nhﾆｰng cﾃｳ m・ｺｷt bﾃｴng r・ｻ・i ah. Hoa thﾆ｡m r・ｺ･t sai hoa vﾃ c・ｻｱc ・ｺ･n tﾆｰ・ｻ｣ng. Cﾃ｢y ghﾃｩp b・ｺ｣ng g・ｻ・ r・ｺ･t kh・ｻ・e.,,Gia ?・nh
23,Ch・ｻ・p m・ｻｹ gieo h・ｺ｡t,https://hoalanhuyanh.com/userfiles/image/shop-hoa-lan/lai/chop/chop-my-gieo-het-2-1.jpg,450000,"2 bﾃｴng ch・ｻ・p ﾄ・・ｺｹp lai, hoa s・ｻ・ x・ｻ・, hﾃng gieo h・ｺ｡t ﾄ・ﾃi loan. Cﾃ｢y ﾄ・ang phﾃ｡t tri・ｻ・n r・ｺ･t ﾄ・・ｺｹp, ﾄ・・ｻｧ tu・ｻ・i hoa mﾃｹa t・ｻ・i. Hoa x・ｻ・ nhﾆｰng ch・ｺｯc ch・ｺｯn ra ch・ｻ・p, ch・ｻ・ lﾃ khﾃｴng ch・ｺｯc ch・ｺｯn s・ｺｯc ﾄ・・ｻ・ c・ｻｧa ch・ｻ・p.",,S? Ki?n
24,Super thrive thu・ｻ・c tﾆｰ・ｻ・i lan,https://hoalanhuyanh.com/userfiles/image/vat-tu/thuoc/thuoc-cho-lan-super-thrive-1-1.jpg,250000,"Super thrive ﾂLo・ｺ｡i thu・ｻ・c dﾃnh cho lan hi・ｻ・u qu・ｺ｣ khﾃｴng th・ｻ・ ph・ｻｧ nh・ｺｭn, hﾃng xﾃ｡ch tay m・ｻｹ. C・ｻｱc k・ｻｳ ﾄ・・ｺｭm ﾄ・・ｺｷc g・ｺ･p 3.4 l・ｺｧn so v・ｻ・i cﾃ｡c lo・ｺ｡i thu・ｻ・c khﾃ｡c",,T?ng M?
25,Tr・ｺｧm ﾄ・・ｻ・ lai tr・ｺｧm 6 m・ｺｯt,https://hoalanhuyanh.com/userfiles/image/shop-hoa-lan/lai/6mat-do/tram-6mat-do-1-1.jpg,230000,"ﾄ・ﾆｰ・ｻ｣c lai t・ｺ｡o t・ｻｫ 2 bﾃｴng tr・ｺｧm tuy・ｻ・t ﾄ・・ｺｹp lﾃ tr・ｺｧm ﾄ・・ｻ・ bﾃｴng ﾄ・・ｺｭm vﾃ tr・ｺｧm 6 m・ｺｯt ﾄ・・ｻ・c ﾄ・ﾃ｡o. Cﾃ｢y kh・ｻ・e, m・ｺｭp ra hoa vﾃo nﾄ・m t・ｻ・i.",,Sinh Nh?t
26,ﾄ・ai chﾃ｢u cﾃ｢y ﾄ・ﾃｴi to,https://hoalanhuyanh.com/userfiles/image/gio-lan/dai-chau/trang/chau-trang-cay-doi-1-1.jpg,1100000,"Bﾃ｡n ch・ｺｭu ﾄ・ai chﾃ｢u tr・ｺｯng lﾃ｡ ﾄ・・ｺｹp, cﾃｳ video quay chi ti・ｺｿt ch・ｺｭu cﾃ｢y. G・ｻ・m 2 cﾃ｢y 5 c・ｺｷp lﾃ｡ vﾃ 9 c・ｺｷp lﾃ｡, ﾄ・ang n・ｻ･ﾂ",,T?ng M?
27,Gi・ｺ｣ h・ｺ｡c chﾃ｢u nhﾆｰ,https://hoalanhuyanh.com/userfiles/image/shop-hoa-lan/gia-hac/chau-nhu/gia-hac-chau-nhu-gieo-hat-3-1.jpg,160000,"Khﾃｴng ph・ｺ｣i ch・ｻ・ cﾃｳ m・ｻ・t m・ｺｷt bﾃｴng duy nh・ｺ･t, ﾄ・ﾃ｣ cﾃｳ t・ｻｫ r・ｺ･t lﾃ｢u, ﾄ・・ｺｿn gi・ｻ・ v・ｺｫn cﾃｳ nh・ｻｯng bﾃｴng chﾃ｢u nhﾆｰ m・ｻ・i, lﾃ m・ｻ・t trong s・ｻ・ ﾃｭt gi・ｺ｣ h・ｺ｡c lai ﾄ・・ｺｹp c・ｻｧa vi・ｻ・t nam ﾄ・ﾆｰ・ｻ｣c ﾄ・ﾃi loan mua l・ｺ｡i ﾄ・・ｻ・ nhﾃ｢n gi・ｻ・ng",,T?ng M?
28,Phi ﾄ・i・ｻ・p 6 m・ｺｯt Thﾃ｡i Bﾃｬnh,https://hoalanhuyanh.com/userfiles/image/shop-hoa-lan/doc-dao/pd-6-mat-thai-binh/phi-diep-6-mat-thai-binh-hinh-hoa-anh-nho.jpg,1400000,"Bﾃ｡n kei phi ﾄ・i・ｻ・p 6 m・ｺｯt Thﾃ｡i Bﾃｬnh, m・ｺｷt hoa ﾄ・・ｺｹp, ﾄ・ang b・ｺｯt ﾄ・・ｺｧu ra r・ｻ・. Nﾄ・m nay ch・ｻ・ nhﾃ｢n ﾄ・ﾆｰ・ｻ｣c ﾃｭt kei thﾃｴi, bﾃ｡c nﾃo yﾃｪu liﾃｪn h・ｻ・ tr・ｻｱc ti・ｺｿp",,Gia ?・nh
29,"ﾄ・ai chﾃ｢u tr・ｻ･ g・ｻ・, ﾄ・ﾃ｣ thu・ｺｧn r・ｺ･t lﾃ｢u",https://hoalanhuyanh.com/userfiles/image/gio-lan/dai-chau/tru-go/anh-nho-dai-chau-ghep-tru-go-cay-to-dep.jpg,2500000,"M・ｻ・i tr・ｻ･ cﾃｳ 9,10 ng・ｻ・n hﾃng r・ｻｫng nﾃｪn ch・ｻ・ cﾃｳ 2 mﾃu ﾄ・・ｻ・ tr・ｺｯng vﾃ tﾃｭm tr・ｺｯng, ﾄ・ﾃ｣ ra hoa cﾃ｡c mﾃｹa trﾆｰ・ｻ・c. Cﾃ｢y to, lﾃ｡ d・ｺｧy, dﾃi ﾄ・・ｺｹp. B・ｻ・ r・ｻ・ r・ｺ･t phﾃ｡t tri・ｻ・n",,T?ng M?
30,Ng・ｻ・c ﾄ・i・ｻ・m hoa s・ｻ・ x・ｻ・,https://hoalanhuyanh.com/userfiles/image/shop-hoa-lan/ngoc-diem/dai-chau-thai/anh-nho-dai-chau-hoa-xo-4.jpg,150000,"Lan ﾄ・ai chﾃ｢u hay lan Ng・ｻ・c ﾄ・i・ｻ・m hoa s・ｻ・ x・ｻ・ nhi・ｻ・u mﾃu ﾄ・・ｺｹp, cﾃ｢y ﾄ・ﾆ｡n tr・ｻ・ng ch・ｺｭu nh・ｻｱa r・ｺ･t ﾄ・・ｺｹp. C・ｻ｡ cﾃ｢y trung cﾃｳ th・ｻ・ hoa t・ｺｿt (m・ｻ・t s・ｻ・ cﾃ｢y ﾄ・ﾃ｣ n・ｻｩt vﾃｲi hoa) hﾃng thﾃ｡i.",,Khai Tr??ng
31,Tr・ｺｧm c・ｻｭu long,https://hoalanhuyanh.com/userfiles/image/shop-hoa-lan/tram/tram-cuu-long-1-1.jpg,150000,"Tr・ｺｧm c・ｻｭu long hoa ﾄ・・ｺｹp hﾆｰﾆ｡ng thﾆ｡m, cﾃ｡nh tﾃｭm h・ｻ・ng ﾄ・・ｺｭm, bﾃｴng to. Thﾃ｢n m・ｺｭp ﾃｺ, ﾄ・ang phﾃ｡t tri・ｻ・n m・ｺ｡nh, cﾃ｢y ﾄ・ﾃ｣ tr・ｻ・ng thu・ｺｧn nhi・ｻ・u nﾄ・m t・ｺ｡i vﾆｰ・ｻ・n.",,T?ng M?
32,Gi・ｺ｣ h・ｺ｡c Hawaii lai phi ﾄ・i・ｻ・p,https://hoalanhuyanh.com/userfiles/image/shop-hoa-lan/lan-dep-khac/gia-hac-lai/hawaii-phi-diep-tim-1-1.jpg,240000,"Thﾃ｢n dﾃi, to phﾃ｡t tri・ｻ・n nhanh, hoa to lﾃ nh・ｻｯng ﾄ・・ｺｷc ﾄ・i・ｻ・m c・ｻｧa c・ｺｷp lai Hawaii vﾃ phi ﾄ・i・ｻ・p nﾃy. Cﾃ｢y ghﾃｩp g・ｻ・ ﾄ・ang phﾃ｡t tri・ｻ・n r・ｺ･t ﾄ・・ｺｹp",,T・nh Y・u
33,H・ｺ｣i y・ｺｿn lai vanda,https://hoalanhuyanh.com/userfiles/image/shop-hoa-lan/lai/haiyen-vanda/hai-en-lai-vanda-2-1.jpg,180000,"H・ｺ｣i y・ｺｿn lai vanda cho ra mﾃu hoa ﾄ・・ｺｹp, hoa 2 ﾄ・・ｺｿn 3 l・ｺｧn 1 nﾄ・m. Cﾃ｢y r・ｺ･t d・ｻ・ tr・ｻ・ng ﾄ・ﾃ｣ trﾆｰ・ｻ・ng thﾃnh h・ｺｧu h・ｺｿt ﾄ・ang n・ｻ･. Lo・ｺ｡i phong lan nﾃy phﾃｹ h・ｻ｣p ﾄ・・ｻ・ trang trﾃｭ nhﾃ, sﾃ｢n vﾆｰ・ｻ・n b・ｻ・i chﾃｺng cﾃｳ mﾃu s・ｺｯc r・ｻｱc r・ｻ｡, d・ｻ・ ra hoa, chﾄ・m sﾃｳc d・ｻ・ dﾃng.ﾂ",,Sinh Nh?t
34,Sumo  dﾆｰ・ｻ｡ng bﾃｩo thﾃ｢n cﾃ｢y lan,https://hoalanhuyanh.com/userfiles/image/vat-tu/thuoc/sumo/anh-nho-sumo-6-30-30.jpg,90000,"Trﾆｰ・ｻ・c khi c・ｺｯt nﾆｰ・ｻ・cﾂ thﾃ｢n cﾃ｢y c・ｺｧn kh・ｻ・e m・ｺ｡nh, thﾃ｢n bﾃｩo (to) ﾄ・・ｻ・ d・ｻｱ tr・ｻｯ dinh dﾆｰ・ｻ｡ng trong th・ｻ・i gian c・ｺｯt nﾆｰ・ｻ・c, SUMO thu・ｻ・c dﾆｰ・ｻ｡ng lan 6-30-30 s・ｺｽ lﾃ l・ｻｱa ch・ｻ・n hi・ｻ・u qu・ｺ｣.",,Gia ?・nh
35,Phi ﾄ・i・ｻ・p ﾃ｡m phﾃｺ th・ｻ・,https://hoalanhuyanh.com/userfiles/image/shop-hoa-lan/doc-dao/am-phu-tho/anh-nho-hoa-am-phu-tho.jpg,1500000,"Bﾃ｡n phi ﾄ・i・ｻ・p cﾃ｡nh ﾃ｡m phﾃｺ th・ｻ・, m・ｺｷt hoa nhﾆｰ hﾃｬnh, bﾃ｡n ﾄ・・ｻｩt g・ｻ・c [c・ｺ｣ ch・ｺｭu] ﾄ・ang cﾃｳ m・ｺｧm non, cﾃ｢y ﾄ・・ｺｹp, kh・ｻ・e, ng・ｻ・n dﾃi. Ch・ｺｯc ch・ｺｯn nﾄ・m sau s・ｺｽ sai hoa hﾆ｡n.",,T?ng M?
36,Ch・ｺｭu ﾄ・ai chﾃ｢u thu・ｺｧn 1 nﾄ・m,https://hoalanhuyanh.com/userfiles/image/shop-hoa-lan/ngoc-diem/dai-chau-thai/dai-chau-thuan-1-nam-1.jpg,250000,"Cﾃ｢y thu・ｺｧn 1 nﾄ・m, nh・ｺｭn ﾄ・・ｺｷt lan ﾄ・ai chﾃ｢u ﾄ・ﾃｺng quy cﾃ｡ch theo yﾃｪu c・ｺｧu khﾃ｡ch hﾃng",,Thanh Cao
37,"Ng・ｻ・c ﾄ・i・ｻ・m vﾃng, h・ｻ・ng ﾄ・・ｻ・m",https://hoalanhuyanh.com/userfiles/image/shop-hoa-lan/ngoc-diem/ngoc-diem-vang-hong-dom-1-1.jpg,200000,,,Sinh Nh?t
38,ﾄ・ai chﾃ｢u 2 ng・ｻ・n lo・ｺ｡i nh・ｻ・,https://hoalanhuyanh.com/userfiles/image/shop-hoa-lan/ngoc-diem/dai-chau-2-ngo-nho-1.png,160000,Cﾃ｢y ﾄ・ﾃ｣ ﾄ・ﾆｰ・ｻ｣c ghﾃｩp g・ｻ・ cﾃ｡c bﾃ｡c ch・ｻ・ vi・ｻ・c mang v・ｻ・ chﾄ・m nhﾃｩ. Cﾃ｢y nh・ｻ・ xinh x・ｺｯn giﾃ｡ cﾅｩng r・ｺ･t ﾄ・・ｺｹp cho lo・ｺ｡i 2 ng・ｻ・n,,T・nh Y・u
39,Tam b・ｺ｣o s・ｺｯc vﾃng,https://hoalanhuyanh.com/userfiles/image/shop-hoa-lan/giang-huong/tam-bao-sac/tam-bao-sac-hoa-vang-2-1.jpg,260000,"Tam b・ｺ｣o s・ｺｯc vﾃng lﾃ lo・ｺ｡i lan r・ｻｫng ﾄ・・ｻ・t bi・ｺｿn r・ｺ･t ﾄ・・ｺｹp, thﾆ｡m tuy nhiﾃｪn giﾃ｡ r・ｺ･t cao. Vﾃｬ th・ｺｿ hﾃng thﾃ｡i cﾃ｢y mﾃｴ ﾄ・ang lﾃ l・ｻｱa ch・ｻ・n hﾃng ﾄ・・ｺｧu c・ｻｧa cﾃ｡c bﾃ｡c mu・ｻ・n sﾆｰu t・ｺｧm dﾃｲng giﾃ｡ng hﾆｰﾆ｡ng ﾄ・・ｺｹp nﾃy",,20/11
40,Jacky xanh lﾃ｡ trﾆ｡n,https://hoalanhuyanh.com/userfiles/image/shop-hoa-lan/lan-hai/lan-hai-jacki-xanh-la-tron-1.jpg,300000,"Cﾃ｢y to, ﾄ・・ｺｹp, ﾄ・・ｺｷc bi・ｻ・t v・ｻ・i lﾃ｡ trﾆ｡n. Hoa mﾃu xanh ﾄ・ﾆｰ・ｻ｣c ﾄ・ﾃ｡nh giﾃ｡ lﾃ m・ｻ・t trong cﾃ｡c lo・ｺ｡i lan hﾃi ﾄ・・ｺｹp vﾃ quﾃｽ hi・ｺｿm c・ｻｧa vi・ｻ・t nam",,Khai Tr??ng
41,Ch・ｺｭu hawaii tr・ｺｯng,https://hoalanhuyanh.com/userfiles/image/gio-lan/hawaii/gia-hac-hawaii-trang-1-1.jpg,800000,"Ch・ｺｭu cﾃｳ 5 ng・ｻ・n ﾄ・ang phﾃ｡t tri・ｻ・n m・ｺ｡nh, tr・ｻ・ng trong ch・ｺｭu g・ｻ・m. Cﾃ｢y r・ｺ･t ﾄ・・ｺｹp vﾃ kh・ｻ・e",,T・nh Y・u
42,Vﾃｴi lﾃｹn,https://hoalanhuyanh.com/userfiles/image/shop-hoa-lan/hoang-thao/voi/hoang-thao-voi-lun-1-1.jpg,150000,"Hoﾃng th・ｺ｣o vﾃｴi lﾃｹn cﾃ｢y ﾄ・・ｺｹp, ﾄ・ang tr・ｻ・ng ch・ｺｭu, ﾄ・・ｻ・t ng・ｺｯn, thﾃ｢m mﾃｺp mﾃｭp. Cﾃ｢y nﾄ・m 2, hoa cﾅｩng nhﾆｰ vﾃｴi r・ｻｫng thﾃｴi ah.",,T・nh Y・u
43,Dendro ch・ｻ・p cﾃ｢y nh・ｻ・ xinh,https://hoalanhuyanh.com/userfiles/image/shop-hoa-lan/vanda-dendro/dendro-chop-1-1.jpg,80000,"Dendro ch・ｻ・p cﾃ｢y nh・ｻ・ﾂ dﾃ｡ng xinh, ﾄ・ang bﾃ｡m g・ｻ・. Cﾃ｢y dﾃｲng mini nhﾆｰng r・ｺ･t d・ｻ・ tr・ｻ・ng, hoa ﾄ・・ｺｹp vﾃ l・ｺ｡, khﾃ｡c bi・ｻ・t, cﾃｳ hoa vﾃo cu・ｻ・i mﾃｹa hﾃｨ. Hoa nhﾆｰ hﾃｬnh.",,T・nh Y・u
44,Ki・ｺｿm xﾃｭch ng・ｻ・c hoa tr・ｺｯng,https://hoalanhuyanh.com/userfiles/image/gio-lan/kiem/kiem-xich-ngoc-trang-3-1.jpg,350000,"Bﾃ｡n ch・ｺｭu xﾃｭch ng・ｻ・n hoa tr・ｺｯng tuy・ｻ・t ﾄ・・ｺｹp, em bﾃ｡n c・ｺ｣ ch・ｺｭu nﾃｪn giﾃ｡ r・ｺ･t r・ｺｻ, m・ｻ・i cﾃ｡c bﾃ｡c yﾃｪu dﾃｲng lan nﾃy nhﾃｩ.",,T?ng M?
45,Thiﾃｪn nga xanh,https://hoalanhuyanh.com/userfiles/image/shop-hoa-lan/cat-thien-nga/thien-nga-xanh-1-1.jpg,250000,"Bﾃ｡n cﾃ｢y thiﾃｪn nga ﾄ・ang r・ｺ･t ﾄ・・ｺｹp, hoa xanh. ﾄ・ﾃ｣ ﾄ・ﾆｰ・ｻ｣c tr・ｻ・ng thu・ｺｧn t・ｺ｡i vﾆｰ・ｻ・n, hoa cﾃｳ hﾆｰﾆ｡ng thﾆ｡m d・ｻ・u.ﾂGiﾃ｡ bﾃ｡n r・ｺｻ cho dﾃｲng thiﾃｪn nga ﾄ・ﾃ｣ ﾄ・ﾆｰ・ｻ｣c tr・ｻ・ng thu・ｺｧn. ﾄ・ang tr・ｻ・ng trong giﾃ｡ th・ｻ・ mﾃｹn d・ｻｫa, phﾃ｡t tri・ｻ・n r・ｺ･t t・ｻ・t.Cﾃ｡c bﾃ｡c chﾃｺ ﾃｽ : Giﾃ｡ lan thiﾃｪn nga ngoﾃi kﾃｭch thﾆｰ・ｻ・c, mﾃu s・ｺｯc, cﾃｲn ph・ｻ･ thu・ｻ・c vﾃo th・ｻ・i gian tr・ｻ・ng thu・ｺｧn t・ｺ｡i vﾆｰ・ｻ・n nhﾃｩ. Vﾃｭ d・ｻ･ cﾃｹng kﾃｭch thﾆｰ・ｻ・c nhﾆｰng cﾃ｢y m・ｻ・i nh・ｺｭp s・ｺｽ cﾃｳ giﾃ｡ r・ｺｻ hﾆ｡n cﾃ｢y tr・ｻ・ng thu・ｺｧn.",,T・nh Y・u
46,Tr・ｺｧm tﾃｭm ghﾃｩp b・ｺ｣ng g・ｻ・,https://hoalanhuyanh.com/userfiles/image/shop-hoa-lan/tram/tram-tim-3-1.jpg,180000,"Lan tr・ｺｧm tﾃｭm - Thﾃ｢n m・ｺｭp m・ｺ｡p ﾄ・ﾃ｣ thu・ｺｧn trﾃｪn 2 nﾄ・m, r・ｻ・ bﾃ｡m ch・ｺｯc b・ｺ｣ng g・ｻ・, hoa r・ｺ･t thﾆ｡m, mﾃｹa hoa thﾃ｡ng 2 , 3 ﾃ｢m l・ｻ・ch.ﾂﾄ・ﾃ｢y lﾃ lo・ｺ｡i lan r・ｺ･t thﾆ｡m, cﾃｳ hoa mﾃu tﾃｭm trong t・ｻｱ nhiﾃｪn tr・ｺｧm tﾃｭm ch・ｻ・ cﾃｳ ・ｻ・ Lﾃo, nhﾆｰng r・ｺ･t phﾃｹ h・ｻ｣p khi ﾄ・ﾆｰ・ｻ｣c tr・ｻ・ng t・ｺ｡i Vi・ｻ・t nam. Tr・ｺｧm tﾃｭm th・ｻｱc s・ｻｱ khﾃｴng th・ｻ・ thi・ｺｿu trong m・ｻ・i vﾆｰ・ｻ・n lan. Giﾃ｡ bﾃ｡n lan tr・ｺｧm tﾃｭm tﾃｹy thu・ｻ・c vﾃo kﾃｭch thﾆｰ・ｻ・c t・ｻｫng giﾃｲ.",,T?ng M?
47,Sﾃｳc tr・ｺｯng,https://hoalanhuyanh.com/userfiles/image/shop-hoa-lan/lan-dep-khac/soc-trang-1-1.jpg,150000,"Cﾃ｢y tr・ｻ・ng ch・ｺｭu nh・ｻｱa ﾄ・・ｺｹp, r・ｻ・ ﾄ・ﾃ｣ bﾃ｡m ch・ｺｷt vﾃo ch・ｺｭu vﾃ phﾃ｡t tri・ｻ・n kh・ｻ・e m・ｺ｡nh. Hoa dﾃi, tr・ｺｯng mu・ｻ・t ho・ｺｷc tﾃｭm, r・ｺ･t ﾄ・・ｺｹp. m・ｻ・t ch・ｺｭu cﾃｳ 1 ng・ｻ・nﾂﾂ",,Thanh Cao
48,Ki・ｺｿm ﾄ・・ｻ・ thﾃ｡i,https://hoalanhuyanh.com/userfiles/image/shop-hoa-lan/lan-dep-khac/kiem/kiem-do-thai-3-1.jpg,140000,"Ch・ｺｭu ki・ｺｿm ﾄ・・ｻ・ ﾄ・・ｺｹp hﾃng thﾃ｡i, giﾃ｡ r・ｺ･t h・ｺ･p d・ｺｫn, cﾃ｢y c・ｻｱc kh・ｻ・e bﾃ｡m ﾄ・ﾃ｢u cﾅｩng s・ｻ・ng. Vﾃｲi hoa dﾃi, thﾆ｡m. Giﾃ｡ nﾄ・m nﾃy r・ｺ･t r・ｺｻ vﾃｭ bﾃ｡n theo c・ｻ・c cﾃｳ nhi・ｻ・u thﾃ｢n.",,T・nh Y・u
49,Tr・ｺｧm blue,https://hoalanhuyanh.com/userfiles/image/shop-hoa-lan/tram/2017/blue/tram-blue-2-1.jpg,90000,"Bﾃｴng hoa mang dﾃ｡ng c・ｻｧa tr・ｺｧm xﾆｰa mﾃu s・ｺｯc tinh t・ｺｿ vﾃ l・ｺ｡ , ﾄ・・ｺｷc bi・ｻ・t hoa r・ｺ･t thﾆ｡m.",,20/11
50,Gi・ｺ｣ h・ｺ｡c tr・ｺｯng Tuy・ｺｿt Ng・ｻ・c,https://hoalanhuyanh.com/userfiles/image/shop-hoa-lan/doc-dao/trang-tuyet-ngoc-1-1.jpg,2500000,"Gi・ｺ｣ h・ｺ｡c 5 cﾃ｡nh tr・ｺｯng tuy・ｺｿt ng・ｻ・c hﾃng r・ｻｫng. Cﾃ｡nh tr・ｺｯng h・ｻ・ng tﾃｭm, bﾃ｡n kei ﾄ・ﾃ｣ phun r・ｻ・, ﾄ・ang tr・ｻ・ng c・ｻ・c rﾃｪu gi・ｻｯ ・ｺｩm",,20/11
51,Tr・ｺｧm ﾄ・・ｻ・ lai tr・ｺｧm rhodo,https://hoalanhuyanh.com/userfiles/image/shop-hoa-lan/tram/lai/do-rhodo/tram-do-lai-rhodo-3-1.jpg,320000,"ﾄ・ﾃ｢y lﾃ gi・ｻ・ng tr・ｺｧm lai m・ｻ・i c・ｻｧa ﾄ・ﾃi chﾆｰa cho ra m・ｺｷt bﾃｴng chﾃｭnh th・ｻｩc, tuy nhiﾃｪn ﾄ・ﾆｰ・ｻ｣c lai t・ｻｫ tr・ｺｧm ﾄ・・ｻ・ v・ｻ・i tr・ｺｧm rhodo bﾃｴng ﾄ・・ｻ・ tﾃｭm, nﾃｪn xﾃ｡c su・ｺ･t ra bﾃｴng ﾄ・・ｻ・ tﾆｰﾆ｡i r・ｺ･t cao.",,Sinh Nh?t
52,Phi ﾄ・i・ｻ・p tﾃｭm ki・ｺｿn,https://hoalanhuyanh.com/userfiles/image/gio-lan/phi-diep-tim/bang-kien/phi-diep-tim-kien-1-1.jpg,300000,"Cﾃ｢y ﾄ・ﾃ｣ ghﾃｩp ﾄ・ﾆｰ・ｻ｣c g・ｺｧn nﾄ・m, hﾃng phi ﾄ・i・ｻ・p ki・ｺｿn gia lai, kh・ｺ｣ nﾄ・ng s・ｺｽ ra nhi・ｻ・u m・ｺｷt bﾃｴng. Cﾃ｢y ﾄ・ang ﾄ・ﾆｰ・ｻ｣c ghﾃｩp b・ｺ｣ng d・ｻ・n phﾃ｡t tri・ｻ・n khﾃ｡ t・ｻ・t.ﾂ",,T・nh Y・u
53,Phi ﾄ・i・ｻ・p ﾃ｡m hﾃｲa bﾃｬnh,https://hoalanhuyanh.com/userfiles/image/shop-hoa-lan/doc-dao/am-hoa-binh/anh-nho-hinh-hoa-phi-diep-am-hoa-binh.jpg,500000,"Phi ﾄ・i・ｻ・p hﾃｲa bﾃｬnh v・ｻ・n ﾄ・ﾃ｣ n・ｻ・i ti・ｺｿng v・ｻ・i cﾃ｡c bﾃｴng hoa cﾃ｡nh cﾄ・ng, to, ﾄ・・ｺｹp vﾃ hi・ｺｿm. Bﾃｴng bﾃｬnh thﾆｰ・ｻ・ng ﾄ・ﾃ｣ v・ｺｭy cﾃｲn 5ct ho・ｺｷc cﾃ｡nh ﾃ｡m l・ｺ｡i cﾃng hi・ｺｿm vﾃ ﾄ・・ｺｹp hﾆ｡n nhi・ｻ・u",,Gia ?・nh
54,Lan brass,https://hoalanhuyanh.com/userfiles/image/shop-hoa-lan/lan-dep-khac/brass/lan-brass-doi-mau-hinh-nho.jpg,150000,"B・ｺ｡n mu・ｻ・n cﾃｳ vﾆｰ・ｻ・n lan hoa quanh nﾄ・m, khﾃｴng th・ｻ・ thi・ｺｿu lan brass ﾄ・ﾆｰ・ｻ｣c ﾄ・ﾃ｢u. Lo・ｺ｡i hoa lan nﾃy r・ｺ･t d・ｻ・ tﾃｭnh, phﾃ｡t tri・ｻ・n nhanh, d・ｻ・ cﾃｳ hoa, hoa l・ｺ｡ vﾃ thﾆ｡m.",,T・nh Y・u
55,C・ｻｭu b・ｺ｣o tiﾃｪn tr・ｺｯng,https://hoalanhuyanh.com/userfiles/image/shop-hoa-lan/giang-huong/cuu-trang/anh-nho-cuu-bao-tien-hoa-trang.jpg,400000,"ﾄ・ﾃ｢y lﾃ lo・ｺ｡i c・ｻｭu b・ｺ｣o tiﾃｪn ﾄ・・ｻ・t bi・ｺｿn hoa tr・ｺｯng ﾄ・ﾆｰ・ｻ｣c thﾃ｡i nhﾃ｢n gi・ｻ・ng. Hoa s・ｻ・ h・ｻｯu v・ｺｻ ﾄ・・ｺｹp tinh khﾃｴi, hﾆｰﾆ｡ng c・ｻｱc thﾆ｡m vﾃ r・ｺ･t hi・ｺｿm cﾃｳ",,V?n Ph・ng
56,Hoﾃng th・ｺ｣o lﾃｴng tr・ｺｯng,https://hoalanhuyanh.com/userfiles/image/shop-hoa-lan/hoang-thao/hong-thao-long-trang-1-1.jpg,160000,Cﾃ｡c giﾃｲ hoﾃng th・ｺ｣o lﾃｴng tr・ｺｯng ﾄ・ﾆｰ・ｻ｣c tr・ｻ・ng thu・ｺｧn t・ｺ｡i vﾆｰ・ｻ・n nﾃｪn cﾃ｡c bﾃ｡c yﾃｪn tﾃ｢m ch・ｺ･t lﾆｰ・ｻ｣ng. Cﾃ｡ch chﾄ・m sﾃｳc cﾅｩng r・ｺ･t ﾄ・ﾆ｡n gi・ｺ｣n nhﾆｰ sau,,S? Ki?n
57,Tr・ｺｧm semi x blue,https://hoalanhuyanh.com/userfiles/image/shop-hoa-lan/phi-diep/tram-lai-phi-diep/tram-semixblue-1-1.jpg,180000,"Bﾃ｡n tr・ｺｧm semi x blue, hoa nhﾆｰ hﾃｬnh. Cﾃ｢y ﾄ・ang ﾄ・ﾆｰ・ｻ｣c tr・ｻ・ng trong ch・ｺｭu nh・ｻｱa, thﾃ｢n to m・ｺｭp m・ｺ｡p, phﾃ｡t tri・ｻ・n kh・ｻ・e m・ｺ｡nh",,Sinh Nh?t
58,Thiﾃｪn nga vﾃng,https://hoalanhuyanh.com/userfiles/image/shop-hoa-lan/cat-thien-nga/thien-nga-vang-1-1.jpg,250000,"Thiﾃｪn nga hoa vﾃng r・ｺ･t ﾄ・・ｺｹp, ra hoa nhi・ｻ・u l・ｺｧn trong nﾄ・m, r・ｺ･t d・ｻ・ chﾄ・m sﾃｳc vﾃ ra hoa. Cﾃ｢y ﾄ・ﾆｰ・ｻ｣c tr・ｻ・ng thu・ｺｧn ﾄ・ﾃ｣ lﾃ｢u t・ｺ｡i vﾆｰ・ｻ・n. [ﾄ・ANG N・ｻ､]ﾂ",,20/11
59,Ng・ｻ・c ﾄ・i・ｻ・m lai bankok sunset (cula bankok),https://hoalanhuyanh.com/userfiles/image/shop-hoa-lan/ngoc-diem/lai-bankok/ngoc-diem-lai-1-2.jpg,300000,"Bﾃ｡n lan ng・ｻ・c ﾄ・i・ｻ・m lai bankok sunset (cula bankok). Hﾃng thu・ｺｧn 1,5 nﾄ・m tu・ｻ・i. Giﾃ｡ bﾃ｡n 300k/ch・ｺｭu. M・ｺｷt hoa r・ｺ･t ﾄ・・ｺｹp",,Gia ?・nh
60,Ng・ｻ・c trai ﾄ・en Black pear,https://hoalanhuyanh.com/userfiles/image/shop-hoa-lan/cat-thien-nga/thien-nga/thien-nga-den-hinh-hoa-1-1.jpg,400000,"Ng・ｻ・c trai ﾄ・en Black pear, hay ﾄ・ﾆｰ・ｻ｣c g・ｻ・i nhi・ｻ・u v・ｻ・i tﾃｪn phong lan thiﾃｪn nga hoa mﾃu ﾄ・en huy・ｻ・n bﾃｭ vﾃ r・ｺ･t ﾄ・・ｺｷc bi・ｻ・t,hoa buﾃｴng thong, cﾃ｡nh hoa c・ｻｩng.ﾂCﾃｳ hﾆｰﾆ｡ng thﾆ｡m d・ｻ・u, ng・ｻ・t ﾄ・ﾆｰ・ｻ｣c ﾄ・ﾃ｡nh giﾃ｡ lﾃ m・ｺｷt hoa ﾄ・・ｺｹp vﾃ ﾄ・・ｻ・c ﾄ・ﾃ｡o, chﾃｺng cﾅｩng r・ｺ･t n・ｻ・i b・ｺｭt so v・ｻ・i cﾃ｡c lo・ｺ｡i hoa lan khﾃ｡c b・ｻ・i mﾃu ﾄ・en tuy・ｻ・n mﾃ ﾃｭt lo・ｺ｡i lan nﾃo cﾃｳ ﾄ・ﾆｰ・ｻ｣c",,20/11
61,Ng・ｻ・c ﾄ・i・ｻ・m Thﾃ｡i mﾃu h・ｻ・ng cﾃ｡nh sen,https://hoalanhuyanh.com/userfiles/image/shop-hoa-lan/ngoc-diem/thai-mau-canh-sen/ngoc-diem-thai-bam-lua-canh-sen-3-1.jpg,320000,"ﾄ・ai chﾃ｢u - Ng・ｻ・c ﾄ・i・ｻ・m Thﾃ｡i bﾃ｡m g・ｻ・, ﾄ・ang phﾃ｡t tri・ｻ・n t・ｻ・t. Mﾃu h・ｻ・ng cﾃ｡nh sen, cﾃ｡nh sen catoon, nhﾆｰ hﾃｬnh th・ｻｱc t・ｺｿ dﾆｰ・ｻ・i ﾄ・ﾃ｢y. Bﾃ｡n t・ｺ｡i Hﾃ N・ｻ・i, chuy・ｻ・n hﾃng toﾃn qu・ｻ・c..",,20/11
62,H・ｺ｡c v・ｻｹ bﾃ｡m g・ｻ・,https://hoalanhuyanh.com/userfiles/image/shop-hoa-lan/hoang-thao/hac-vy/hac-vy-400k-1-2.jpg,400000,"Giﾃｲ lan h・ｺ｡c v・ｻｹ bﾃ｡m g・ｻ・, hﾃng thu・ｺｧn,ﾄ・ang ra nhi・ｻ・u r・ｻ・ vﾃ phﾃ｡t tri・ｻ・n m・ｺｧm mon r・ｺ･t nhi・ｻ・u. H・ｺ｡c v・ｻｹ lo・ｺ｡i lan d・ｻ・ tr・ｻ・ng, d・ｻ・ ra hoa.",,V?n Ph・ng
63,H・ｻ・ng ng・ｻ・c B,https://hoalanhuyanh.com/userfiles/image/shop-hoa-lan/phi-diep/gia-hac/hong-ngoc-b-1-1.jpg,260000,"Bﾃ｡n h・ｻ・ng ng・ｻ・c B, 1 ch・ｺｭu 1 ng・ｻ・n dﾃi kho・ｺ｣ng 20cm, b・ｺ｣o hﾃnh m・ｺｷt hoa nhﾆｰ hﾃｬnh. Cﾃ｢y phﾃ｡t tri・ｻ・n kh・ｻ・e m・ｺ｡nh, ﾄ・ﾃ｣ tr・ｻ・ng m・ｻ・t nﾄ・m t・ｺ｡i vﾆｰ・ｻ・n",,Khai Tr??ng
64,Dendro hoa t・ｺｿt,https://hoalanhuyanh.com/userfiles/image/shop-hoa-lan/vanda-dendro/dendro-1-1.jpg,150000,"Em b・ｺｯt ﾄ・・ｺｧu bﾃ｡n dendro hoa t・ｺｿt, cﾃ｢y to ﾄ・ﾃｹng chﾄ・m sﾃｳc r・ｺ･t d・ｻ・ dﾃng, nﾃｪn chﾃｺng lﾃ m・ｻ・t trong cﾃ｡c lo・ｺ｡i lan ﾄ・ﾆｰ・ｻ｣c tr・ｻ・ng ph・ｻ・ bi・ｺｿn nh・ｺ･t",,Thanh Cao
65,H・ｻ・ng thiﾃｪn cung thu・ｺｧn,https://hoalanhuyanh.com/userfiles/image/shop-hoa-lan/hoang-thao/hong-thien-cung-4-1.jpg,40000,H・ｻ・ng thiﾃｪn cung thu・ｺｧn t・ｺ｡i hﾃ n・ｻ・i r・ｺ･t kh・ｻ・e . cﾃ｢y ﾄ・ang phﾃ｡t tri・ｻ・n giﾃｲ 5 ﾄ・・ｺｿn 10 ng・ｻ・n giﾃ｡ 40k ng・ｻ・n,,Thanh Cao
66,"Lan ﾄ・ai chﾃ｢u thﾃ｡i, 4 ﾄ・・ｺｿn 6 lﾃ｡",https://hoalanhuyanh.com/userfiles/image/shop-hoa-lan/ngoc-diem/dai-chau-thai/dai-chau-160k-1.jpg,160000,"Lan ﾄ・ai chﾃ｢u thﾃ｡i ﾄ・ﾃ｣ ghﾃｩp g・ｻ・, cﾃ｢y ﾄ・・ｺｹp, giﾃ｡ bﾃ｡n 160k/ cﾃ｢y. Bﾃ｡n t・ｺ｡i Hﾃ n・ｻ・i, cﾃｳ t・ｻｫ 4 ﾄ・・ｺｿn 6 lﾃ｡.",,T・nh Y・u
67,Hoa lan tr・ｺｧm tr・ｺｯng lai vﾃｴi,https://hoalanhuyanh.com/userfiles/image/shop-hoa-lan/lan-dep-khac/lai/tram-trang-lai-voi-hoa-1-1.jpg,200000,,,Gia ?・nh
68,Lan cattleya bﾃｴng cam,https://hoalanhuyanh.com/userfiles/image/shop-hoa-lan/cat-thien-nga/cat-lan-bong-cam-2-1.jpg,250000,"Bﾃ｡n ch・ｺｭu lan cattleya bﾃｴng cam, hoa to, m・ｺｷt hoa vﾃ cﾃ｢y bﾃ｡n th・ｻｱc t・ｺｿ nhﾆｰ hﾃｬnh.,Cﾃ｢y kh・ｻ・e m・ｺ｡nh, lﾃ｡ d・ｺｧy c・ｻｩng, mﾃu hoa r・ｺ･t ﾄ・・ｺｭm",,?am M・ Huy?n B・
69,ﾄ・ai chﾃ｢u bﾃｲ s・ｻｯa,https://hoalanhuyanh.com/userfiles/image/shop-hoa-lan/ngoc-diem/xuan/dai-chau-bo-sua-1-1.jpg,150000,"Lan ﾄ・ai chﾃ｢u bﾃｲ s・ｻｯa ﾂ- Mﾃu s・ｺｯc khﾃ｡c bi・ｻ・t, l・ｺ｡ m・ｺｯt, hoa xuﾃ｢n, ﾄ・i・ｻ・m nh・ｺ･n tuy・ｻ・t v・ｻ・i cho vﾆｰ・ｻ・n lan nhﾃ b・ｺ｡n.ﾂ",,?am M・ Huy?n B・
70,"ﾄ・ai chﾃ｢u t・ｺｿt, lo・ｺ｡i to",https://hoalanhuyanh.com/userfiles/image/shop-hoa-lan/ngoc-diem/xuan/dai-chau-tet-2-1.jpg,450000,"Cﾃ｢y ﾄ・ﾃ｣ ghﾃｩp g・ｻ・, r・ｻ・ bﾃ｡m ch・ｺｷt, ﾄ・ang s・ｻ・ng r・ｺ･t kh・ｻ・e. Nhi・ｻ・u mﾃu hoa ﾄ・・ｺｹp, nhﾆｰ cam, ﾄ・・ｻ・, tﾃｭm h・ｻ・ng cﾃ｡nh sen, ph・ｻ･c v・ｻ･ cho cﾃ｡c bﾃ｡c chﾆ｡i t・ｺｿt.ﾂChi・ｻ・u cao tﾃｹy t・ｻｫng c・ｺｷp lﾃ｡ nhﾆｰng chi・ｻ・u ngang ﾄ・・ｺ｡t ﾄ・ﾆｰ・ｻ｣c t・ｻｫ 40cm.",,20/11
71,H・ｻ・ ﾄ・i・ｻ・p thﾆ｡m,https://hoalanhuyanh.com/userfiles/image/shop-hoa-lan/lan-dep-khac/ho-diep-thom-1-1.jpg,180000,"Cﾃｳ bﾃｴng nh・ｻ・ nhﾆｰ h・ｻ・ ﾄ・i・ｻ・p r・ｻｫng nhﾆｰng cﾃｳ mﾃｹi thﾆ｡m n・ｻ・ng quy・ｺｿn rﾅｩ , khﾃ｡c v・ｻ・i cﾃ｡c lo・ｺ｡i h・ｻ・ ﾄ・i・ｻ・p bﾃｴng to, vﾃｬ l・ｺｽ ﾄ・ﾃｳ chﾃｺng hay ﾄ・ﾆｰ・ｻ｣c g・ｻ・i lﾃ h・ｻ・ ﾄ・i・ｻ・p thﾆ｡m.",,20/11
72,Tr・ｺｧm gieo h・ｺ｡t,https://hoalanhuyanh.com/userfiles/image/shop-hoa-lan/tram/2017/gieo-hat/hinh-hoa-tram-gieo-hat-1.jpg,300000,"Hﾃng gieo h・ｺ｡t nﾃｪn cﾃｳ nhi・ｻ・u m・ｺｷt bﾃｴng, nhﾆｰng cﾆ｡ b・ｺ｣n cﾃｳ 2 lo・ｺ｡i bﾃｴng ﾄ・・ｻ・ ﾄ・・ｺｭm vﾃ h・ｻ・ng cﾃｳ vi・ｻ・n cﾃ｡nh ﾄ・・ｺｭm. Thﾃ｢n cﾃ｢y m・ｺｭp, ﾄ・ang phﾃ｡t tri・ｻ・n cﾃ｢y con",,Sinh Nh?t
73,Phi di・ｻ・p tﾃｭm hﾃｲa bﾃｬnh hﾃng ﾄ・・ｺｹp,https://hoalanhuyanh.com/userfiles/image/shop-hoa-lan/phi-diep/pdt-hoabinh-dep/phi-diep-tim-hoa-binh-dep-4-2.jpg,350000,"Phi ﾄ・i・ｻ・p tﾃｭm hﾃｲa (lan dﾃ｣ h・ｺ｡c) r・ｺ･t ﾄ・・ｺｹp, thﾃ｢n ra hoa dﾃi trﾃｪn 1m. ﾄ・ang phﾃ｡t tri・ｻ・n m・ｺ｡nh, r・ｺ･t kh・ｻ・e, giﾃ｡ bﾃ｡n h・ｻ｣p lﾃｭ",,?am M・ Huy?n B・
74,H・ｺ｡c v・ｻｹ ghﾃｩp g・ｻ・ 450k,https://hoalanhuyanh.com/userfiles/image/shop-hoa-lan/hoang-thao/hac-vy/hac-vy-450k-1.jpg,450000,,,Trang Tr?ng
75,Gi・ｺ｣ h・ｺ｡c di linh tr・ｺｯng,https://hoalanhuyanh.com/userfiles/image/shop-hoa-lan/phi-diep/dilinh-trang/dilinh-trang-1.jpg,3000000,"Gi・ｺ｣ h・ｺ｡c di linh tr・ｺｯng, bﾃ｡n nhﾆｰ hﾃｬnh dﾆｰ・ｻ・i ﾄ・ﾃ｢y giﾃ｡ 3 tri・ｻ・u , cﾃ｢y kei nﾄ・m nh・ｺ･t. #1 trong nh・ｻｯng lo・ｺ｡i gi・ｺ｣ h・ｺ｡c tr・ｺｯng r・ｻｫng ﾄ・ﾆｰ・ｻ｣c yﾃｪu thﾃｭch nh・ｺ･t.ﾂ",,Gia ?・nh
76,R・ｻ・ng ﾄ・・ｻ・ lﾃ｡ biﾃｪn,https://hoalanhuyanh.com/userfiles/image/shop-hoa-lan/tram/rong-do/hoa-tram-rong-do-1-1.jpg,380000,"Cﾃ｢y r・ｺ･t ﾄ・・ｺｹp, thﾃ｢n m・ｺｭp, lﾃ lo・ｺ｡i lan cﾃｳ hoa r・ｺ･t ﾄ・・ｺｹp c・ｻｧa ﾄ・ﾃi loan.R・ｻ・ng ﾄ・・ｻ・ lﾃ｡ biﾃｪn ﾄ・・ｻ・c ﾄ・ﾃ｡o v・ｻ・i v・ｻ・t vﾃng cﾃ｡nh lﾃ｡.",,T・nh Y・u
77,ﾄ・ai chﾃ｢u cam l・ｻｭa,https://hoalanhuyanh.com/userfiles/image/shop-hoa-lan/ngoc-diem/xuan/dai-chau-cam-lua-1-1.jpg,200000,"Mﾃu cam l・ｻｭa r・ｻｱc r・ｻ｡ c・ｻｧa ﾄ・ai chﾃ｢u, ch・ｺｯc ch・ｺｯn s・ｺｽ ﾄ・em ﾄ・・ｺｿn khﾃｴng khﾃｭ mﾃｹa xuﾃ｢n r・ｻ・n rﾃng ﾄ・・ｺｧy mﾃu s・ｺｯc cho vﾆｰ・ｻ・n lan nhﾃ cﾃ｡c bﾃ｡c",,Trang Tr?ng
78,Tr・ｺｧm nestor baby,https://hoalanhuyanh.com/userfiles/image/shop-hoa-lan/tram/2017/nestor-baby/tram-hoa-do-nestor-baby-1-1.jpg,240000,"ﾄ・ﾃ｢y lﾃ m・ｻ・t lo・ｺ｡i tr・ｺｧm lai t・ｻｫ 2 cﾃ｢y tr・ｺｧm siﾃｪu ﾄ・・ｺｹp c・ｻｧa ﾄ・ﾃi loan, c・ｺ｣ 2 ﾄ・・ｻ・u cﾃｳ chung ﾄ・・ｺｷc ﾄ・i・ｻ・m lﾃ bﾃｴng ﾄ・・ｻ・ cﾃｳ mﾃu r・ｺ･t ﾄ・・ｺｹp",,20/11
79,Thiﾃｪn nga ﾄ・・ｻ・m,https://hoalanhuyanh.com/userfiles/image/shop-hoa-lan/cat-thien-nga/thien-nga/hoa-thien-nga-dom-2-1.jpg,170000,"Bﾃ｡n lan thiﾃｪn nga ﾄ・・ｻ・m, ﾄ・ﾃ｢y ﾄ・・ｺｹp ﾄ・ang ﾄ・・ｻｧ tu・ｻ・i ra hoa. Thiﾃｪn nga ﾄ・・ｻ・m s・ｻ・ h・ｻｯu v・ｺｻ ﾄ・・ｺｹp tinh t・ｺｿ, nh・ｺｹ nhﾃng hﾆ｡n so v・ｻ・i cﾃ｡c lo・ｺ｡i thiﾃｪn nga khﾃ｡c.",,Khai Tr??ng
80,H・ｻ・ng ng・ｻ・c quﾃ｡n quﾃ｢n,https://hoalanhuyanh.com/userfiles/image/shop-hoa-lan/gia-hac/hong-ngoc-quan-quan/anh-nho-hinh-hoa-hong-ngoc-quan-quan.jpg,360000,"Sau 3 nﾄ・m ﾄ・o・ｺ｡t gi・ｺ｣i gi・ｺ｣ h・ｺ｡c h・ｻ・ng ng・ｻ・c m・ｺｷt hoa ﾄ・o・ｺ｡t gi・ｺ｣i quﾃ｡n quﾃ｢n cu・ｻ・c thi lan th・ｺｿ gi・ｻ・i 2015 ﾄ・ﾃ｣ cﾃｳ m・ｺｷt t・ｺ｡i Vi・ｻ・t nam, v・ｻ・i giﾃ｡ r・ｺ･t h・ｺ･p d・ｺｫn [cﾃ｢y r・ｺ･t ﾄ・・ｺｹp]",,Sinh Nh?t
81,Tr・ｺｧm r・ｻ・ng ﾄ・・ｻ・,https://hoalanhuyanh.com/userfiles/image/shop-hoa-lan/tram/rong-do/hoa-tram-rong-do-1-1.jpg,130000,"Tr・ｺｧm r・ｻ・ng ﾄ・・ｻ・ , ﾄ・ﾃ｢y lﾃ lo・ｺ｡i tr・ｺｧm n・ｻ・i ti・ｺｿng c・ｻｧa ﾄ・ﾃi loan, thﾃ｢n dﾃi kho・ｺ｣ng 50cm khi ra hoa . Hi・ｻ・n t・ｺ｡i m・ｻ・i c・ｻ・c cﾃｳ 1 ng・ｻ・n giﾃ vﾃ 1 ng・ｻ・n non, ng・ｻ・n non kho・ｺ｣ng 10cm, ﾄ・ang lﾃｪn r・ｺ･t kh・ｻ・e. Cﾃ｢y nh・ｻ・ giﾃ｡ r・ｺｻ.",,20/11
82,Thiﾃｪn cung l・ｻｯ b・ｻ・,https://hoalanhuyanh.com/userfiles/image/shop-hoa-lan/lan-dep-khac/thien-cung-lu-bo-1-1.jpg,180000,"Bﾃ｡n thiﾃｪn cung l・ｻｯ b・ｻ・ theo ng・ｻ・n, cﾃｳ 3 c・ｻ｡ dﾃi 10-40cm. Ng・ｻ・n ﾄ・・ｺｹp, kh・ｻ・e (so v・ｻ・i dﾃｲng thiﾃｪn cung nhﾃｩ) nﾄ・m nay ""nﾃｪn giﾃ｡ khﾃ｡ r・ｺｻ. Cﾃ｢y ﾄ・ang ghﾃｩp b・ｺ｣ng gﾃｴ cﾃｳ c・ｺ｣ NG・ｻ・N GIﾃｺｺ･t kh・ｻ・e. Cﾃ",,S? Ki?n
83,Tr・ｺｧm 6 cﾃ｡nh lai tr・ｺｧm tr・ｺｯng,https://hoalanhuyanh.com/userfiles/image/shop-hoa-lan/lai/tram6canhxtrang/6-canh-tram-trang-1-1.jpg,200000,"2 lo・ｺ｡i tr・ｺｧm ﾄ・・ｻ・c ﾄ・ﾃ｡o ch・ｺｯc ch・ｺｯn s・ｺｽ cho ra m・ｺｷt bﾃｴng l・ｺ｡ vﾃ thﾆ｡m. Cﾃ｢y ﾄ・ang r・ｺ･t m・ｺｭp nﾄ・m 2 , cho hoa vﾃo nﾄ・m sau.",,Gia ?・nh
84,Thiﾃｪn cung lﾃ｡ biﾃｪn,https://hoalanhuyanh.com/userfiles/image/gio-lan/thien-cung/hinh-nho-thien-cung-la-bien.jpg,250000,"Ch・ｺｭu thiﾃｪn cung lﾃ｡ biﾃｪn giﾃ｡ siﾃｪu r・ｺｻ, hﾃng kei. Cﾃ｢y ﾄ・ang phﾃ｡t tri・ｻ・n r・ｺ･t m・ｺ｡nh, Chi ti・ｺｿt v・ｻ・ ch・ｺｭu lan nﾃy cﾃ｡c bﾃ｡c xem VIDEO cu・ｻ・i bﾃi vi・ｺｿt",,?am M・ Huy?n B・
85,Vﾅｩ n・ｻｯ phﾃｹ th・ｻｧy,https://hoalanhuyanh.com/userfiles/image/shop-hoa-lan/cat-thien-nga/vu-nu/vu-nu-phu-thuy-2-1.jpg,150000,"Hﾃng m・ｻ・i tinh t・ｺ｡i th・ｻ・ trﾆｰ・ｻ・ng vi・ｻ・t nam, vﾅｩ n・ｻｯ phﾃｹ th・ｻｧy cﾃ｢y bﾃｩ nhﾆｰng m・ｺｷt hoa l・ｺ｡. bﾃｴng hoa trﾃｴng nhﾆｰ chi・ｺｿc mﾅｩ phﾃｹ th・ｻｧy v・ｺｭy",,T・nh Y・u
86,Lan sﾃｳc tﾃｭm,https://hoalanhuyanh.com/userfiles/image/shop-hoa-lan/giang-huong/soc-tim/soc-tim-hinh-hoa-hinh-nho.jpg,180000,"Giﾃ｡ng hﾆｰﾆ｡ng sﾃｳc tﾃｭm cﾃｳ hoa dﾃi, d・ｻ・ hoa, cﾃ｢y kh・ｻ・e, r・ｺ･t d・ｻ・ chﾄ・m sﾃｳc (gi・ｻ・ng ﾄ・a s・ｻ・ cﾃ｡c lo・ｺ｡i giﾃ｡ng hﾆｰﾆ｡ng khﾃ｡c). Cﾃ｢y cﾃｳ hoa khﾃ｡ gi・ｻ・ng ﾄ・uﾃｴi ch・ｻ・n, hoa mﾃu tﾃｭm ﾄ・・ｺｹp, ﾄ・・ｺｭm hﾆ｡n cﾃ｡o vﾃ ch・ｻ・n",,C・ T・nh
87,Hoﾃng th・ｺ｣o tﾃｭm hu・ｺｿ,https://hoalanhuyanh.com/userfiles/image/shop-hoa-lan/hoang-thao/tim-hue/hoang-thao-tim-hue-3-1.jpg,190000,"Thﾃ｢n m・ｺｭp m・ｺ｡p, hoa tﾃｭm nhﾃｬn hﾆ｡i gi・ｻ・ng th・ｺｭp hoa, r・ｺ･t sai hoa. N・ｻ・ vﾃo mﾃｹa xuﾃ｢n",,C・ T・nh
88,Giﾃ｡ lan thiﾃｪn nga ﾄ・・ｻ・,https://hoalanhuyanh.com/userfiles/image/shop-hoa-lan/cat-thien-nga/thien-nga/thien-nga-do-3-1.jpg,250000,"Thiﾃｪn nga nﾃｳi chung khﾃ｡ d・ｻ・ tr・ｻ・ng m・ｻ・t nﾄ・m cﾃｳ th・ｻ・ cﾃｳ 3 l・ｺｧn hoa. Hoa thiﾃｪn nga ﾄ・・ｻ・ thﾆ｡m d・ｻ・u, bﾃｴng ﾄ・・ｺｹp, lﾃ｢u tﾃn. Nﾃｪn lan thiﾃｪn nga ﾄ・ﾆｰ・ｻ｣c nhi・ｻ・u ngﾆｰ・ｻ・i yﾃｪu thﾃｭch",,Sinh Nh?t
89,Tr・ｺｧm tr・ｺｯng 4N lai tr・ｺｧm tr・ｺｯng 2N,https://hoalanhuyanh.com/userfiles/image/shop-hoa-lan/lai/tram-4n-2n/anh-nho-tram-trang4n-lai-2n.jpg,380000,"Bﾃｴng to mﾃu tr・ｺｯng, cﾃｳ phom hoa ﾄ・・ｻ・t bi・ｺｿn so v・ｻ・i tr・ｺｧm tr・ｺｯng thﾃｴng thﾆｰ・ｻ・ng lﾃ k・ｻｳ v・ｻ・ng c・ｻｧa c・ｺｷp lai nﾃy. Hoa x・ｻ・, dﾃnh cho cﾃ｡c bﾃ｡c sﾆｰu t・ｺｧm m・ｺｷt hoa m・ｻ・i.",,Trang Tr?ng
90,Thiﾃｪn cung h・ｻ・ng lﾆｰ・ｻ｡i to,https://hoalanhuyanh.com/userfiles/image/shop-hoa-lan/hoang-thao/thien-cung/hac-vy-hong-hoa-1-1.jpg,200000,Trong muﾃｴn vﾃn lo・ｺ｡i thiﾃｪn cung thﾃｬ lo・ｺ｡i bﾃｴng ﾄ・・ｺｭm nhﾆｰ thiﾃｪn cung l・ｻｯ b・ｻ・ vﾃ thiﾃｪn cung lﾆｰ・ｻ｡i to luﾃｴn ﾄ・ﾆｰ・ｻ｣c ﾆｰa thﾃｭch vﾃ b・ｺｯt m・ｺｯt nh・ｺ･t,,Sinh Nh?t
91,Vﾅｩ n・ｻｯ k・ｺｹo kﾃｩo hoa vﾃng,https://hoalanhuyanh.com/userfiles/image/shop-hoa-lan/vanda-dendro/keo-keo/vu-nu-keo-keo-1-1.jpg,130000,"Cﾃ｢y ﾄ・ﾃ｣ ﾄ・ﾆｰ・ｻ｣c tr・ｻ・ng thu・ｺｧn t・ｺ｡i vﾆｰ・ｻ・n mi・ｻ・n b・ｺｯc, lo・ｺ｡i nﾃy nhﾃｬn nh・ｻ・ nh・ｻ・ nhﾆｰng hoa r・ｺ･t thﾆ｡m ah. Hoa mﾃu vﾃng ra hoa mﾃｹa xuﾃ｢n. ﾄ・ﾃ｢y lﾃ lo・ｺ｡i lan r・ｺ･t d・ｻ・ tr・ｻ・ng, cﾃ｢y tﾆｰ・ｻ・i t・ｻ・t quanh nﾄ・m.",,Trang Tr?ng
92,Vﾅｩ n・ｻｯ ﾄ・・ｻ・,https://hoalanhuyanh.com/userfiles/image/shop-hoa-lan/vu-nu/do/anh-nho-hoa-vu-nu-do.jpg,250000,"Lo・ｺ｡i vﾅｩ n・ｻｯ c・ｻｧa ﾄ・ﾃi Loan hoa r・ｺ･t ﾄ・・ｺｹp, bﾃｴng to ﾄ・・ｻ・ mﾃu ﾄ・・ｺｭm. ﾄ・・ｺｷc bi・ｻ・t lﾃ vﾃｲi hoa r・ｺ･t dﾃi (kho・ｺ｣ng 1 mﾃｩt), hoa quanh nﾄ・m, thﾃ｢n to ﾄ・・ｺｹp.",,Trang Tr?ng
93,Tr・ｺｧm r・ｻｫng myanma,https://hoalanhuyanh.com/userfiles/image/shop-hoa-lan/phi-diep/tram/tram-rung-myanma-1-1.jpg,70000,"Giﾃｲ tr・ｺｧm r・ｻｫng myanma thﾃ｢n m・ｺｭp kh・ｻ・e m・ｺ｡nh, r・ｺ･t ﾄ・・ｺｹp. Cho hoa vﾃo nﾄ・m sau (mﾃｹa xuﾃ｢n).Cﾃ｢y ﾄ・ﾃ｣ thu・ｺｧn 1 nﾄ・m, dﾃi kho・ｺ｣ng 5-15cm . B・ｺ｣ng nhi・ｻ・u ng・ｻ・n thﾃｬ ng・ｺｯn, ﾃｭt ng・ｻ・n dﾃi nhﾃｩ cﾃ｡c bﾃ｡c",,Gia ?・nh
94,Lan h・ｻ・ ﾄ・i・ｻ・p chﾃｺc m・ｻｫng quﾃ t・ｺｷng,https://hoalanhuyanh.com/userfiles/image/ho-diep/chuc-mung/lan-ho-diep-hoa-chuc-mung-2-1.jpg,100000,"Lan h・ｻ・ ﾄ・i・ｻ・p mﾃｳn quﾃ tinh t・ｺｿ, sang tr・ｻ・ng vﾃ ch・ｺｯc ch・ｺｯn r・ｺ･t ・ｺ･n tﾆｰ・ｻ｣ng. Khﾃｴng ch・ｻ・ ﾄ・・ｺｹp mﾃ cﾃｲn cﾃｳ th・ｻ・ chﾆ｡i ﾄ・ﾆｰ・ｻ｣c lﾃ｢u dﾃi, chﾄ・m sﾃｳc r・ｺ･t ﾄ・ﾆ｡n gi・ｺ｣n.",,Trang Tr?ng
95,Lan h・ｻ・a hoﾃng ﾄ・・ｻ・,https://hoalanhuyanh.com/userfiles/image/shop-hoa-lan/lan-dep-khac/hoa-hoang/lan-hoa-hoang-1-1.jpg,550000,"Tr・ｻ・ng ch・ｺｭu g・ｻ・ vuﾃｴng, hﾃng thu・ｺｧn, nhi・ｻ・u ng・ｻ・n m・ｻ・t ch・ｺｭu. Cﾃ｢y r・ｺ･t kh・ｻ・e phﾃｹ h・ｻ｣p v・ｻ・i ﾄ・i・ｻ・u ki・ｻ・n khi h・ｺｭu c・ｺ｣ 3 vﾃｹng mi・ｻ・n",,V?n Ph・ng
96,Tr・ｺｧm tr・ｺｯng m・ｺｯt ﾄ・・ｻ・,https://hoalanhuyanh.com/userfiles/image/shop-hoa-lan/tram/2017/tram-mat-do/tram-5-canh-trang-mat-do-2-1.jpg,350000,"Tr・ｺｧm tr・ｺｯng m・ｺｯt ﾄ・・ｻ・ m・ｺｷt hoa c・ｻｱc yﾃｪu, ﾄ・ﾆｰ・ｻ｣c r・ｺ･t nhi・ｻ・u ngﾆｰ・ｻ・i yﾃｪu thﾃｭch , ﾄ・ﾃ｡nh giﾃ｡ cao trong cﾃ｡c tri・ｻ・n lﾃ｣m, h・ｻ・i thi lan. B・ｺ｣o hﾃnh m・ｺｷt hoa",,T・nh Y・u
97,Phi ﾄ・i・ｻ・p 6 m・ｺｯt Hﾃｲa Bﾃｬnh,https://hoalanhuyanh.com/userfiles/image/shop-hoa-lan/doc-dao/pd-6-mat-hoa-binh/phi-diep-6-mat-hoa-binh-hinh-hoa-nho.jpg,600000,"Bﾃ｡n kei phi ﾄ・i・ｻ・p 6 m・ｺｯt hﾃｲa bﾃｬnh, b・ｺ｣o hﾃnh m・ｺｷt hoa. Cﾃ｢y kei cﾃｳ ﾄ・・ｻ・ dﾃi t・ｻｫ 5cm ・・ 10cm, ﾄ・ang mﾃｹa phﾃ｡t tri・ｻ・n nﾃｪn s・ｺｽ cﾃｲn dﾃi n・ｻｯa.",,Trang Tr?ng
98,Vﾅｩ n・ｻｯ socola,https://hoalanhuyanh.com/userfiles/image/shop-hoa-lan/vanda-dendro/vu-nu-socola/vu-nu-socola-4-1.jpg,140000,"Cﾃｳ r・ｺ･t nhi・ｻ・u gi・ｻ・ng vﾅｩ n・ｻｯ, ﾄ・a ph・ｺｧn chﾃｺng d・ｻ・ chﾄ・m sﾃｳc nhﾆｰng ph・ｻ・ bi・ｺｿn vﾃ d・ｻ・ tr・ｻ・ng nh・ｺ･t lﾃ vﾅｩ n・ｻｯ socola. Hoa thﾆ｡m ng・ｻ・t vﾃ cﾃｳ mﾃu nﾃ｢u nhﾆｰ socola.",,Sinh Nh?t
99,Vﾅｩ n・ｻｯ peru hoa tﾃｭm,https://hoalanhuyanh.com/userfiles/image/shop-hoa-lan/cat-thien-nga/vu-nu/peru/vu-nu-peru-1-1.jpg,140000,"Dﾃｲng vﾅｩ n・ｻｯ hoa tﾃｭm r・ｺ･t ﾄ・・ｺｹp, hoa phﾃ｢n nhﾃ｡nh, vﾃｲi r・ｺ･t dﾃi, d・ｻ・ ra hoa mﾃｹa xuﾃ｢n lﾃ cﾃ｡c ﾄ・・ｺｷc ﾄ・i・ｻ・m thﾃｺ v・ｻ・ c・ｻｧa vﾅｩ n・ｻｯ peru.ﾂ Thu・ｻ・c dﾃｲng cﾃ｢y phﾃ｡t tri・ｻ・n ﾄ・a thﾃ｢n, nﾃｪn phﾃ｡t tri・ｻ・n nhanh",,Trang Tr?ng
100,Giﾃ｡ng hﾆｰﾆ｡ng h・ｻ・ng,https://hoalanhuyanh.com/userfiles/image/shop-hoa-lan/giang-huong/giang-huong-hong/giang-huong-hong-hinh-nho.jpg,140000,"ﾄ・ﾃ｢y lﾃ cﾃ｢y c・ｻｧa thﾃ｡i r・ｺ･t d・ｻ・ chﾄ・m sﾃｳc, Giﾃ｡ng hﾆｰﾆ｡ng h・ｻ・ng g・ｻ・i theo tﾃｪn vﾆｰ・ｻ・n Thﾃ｡i gi・ｻ・i thi・ｻ・u, Cﾃ｢y r・ｺ･t d・ｻ・ chﾄ・m sﾃｳc, khﾃｴng c・ｺｧn ﾄ・・ｻ・ ・ｺｩm cao, b・ｻ・ d・ｻ・ phﾃ｡t tri・ｻ・n nhanh, nﾄ・m hoa 2,3 l・ｺｧn",,Gia ?・nh
101,Tr・ｺｧm 5 cﾃ｡nh tr・ｺｯng lai phi ﾄ・i・ｻ・p 5 cﾃ｡nh tr・ｺｯng,https://hoalanhuyanh.com/userfiles/image/shop-hoa-lan/lai/tram-5ct-lai-pd-5ct/anh-nho-hinh-hoa-tram-5ct-pd-5ct.jpg,300000,"M・ｻ・i cﾃ｡c bﾃ｡c sﾄ・n hoa x・ｻ・ , c・ｺｷp lai r・ｺ･t hay nﾃy nhﾃｩ, t・ｻｷ l・ｻ・ b・ｺｯt ﾄ・ﾆｰ・ｻ｣c bﾃｴng m・ｻ・i, bﾃｴng ﾄ・・ｺｹp c・ｻｱc cao. Nhﾃｬn cﾃ｢y cﾅｩng r・ｺ･t ﾄ・・ｺｹp r・ｻ・i, giﾃ｡ thﾃｬ r・ｺｻ nhﾆｰ tr・ｺｧm thﾆｰ・ｻ・ng",,Thanh Cao
102,ﾄ・ai chﾃ｢u thﾃ｡i hﾃng t・ｺｿt,https://hoalanhuyanh.com/userfiles/image/shop-hoa-lan/ngoc-diem/cay-doi/cay-dep-chau2-cay.jpg,180000,"ﾄ・ai chﾃ｢u thﾃ｡i hﾃng t・ｺｿt - M・ｻ・i ch・ｺｭu cﾃｳ 2 cﾃ｢y, r・ｻ・ ﾄ・ang phﾃ｡t tri・ｻ・n r・ｺ･t nhi・ｻ・u cﾃ｢y ﾄ・ang n・ｻ･, cﾃｳ cﾃ｡c mﾃu cam, tr・ｺｯng, ﾄ・・ｻ・m, bﾃｳ s・ｻｯa. Khﾃｴng ch・ｻ・n mﾃu hoa. Cﾃ｢y ﾄ・・ｺｹp nhﾆｰ hﾃｬnh",,Khai Tr??ng
103,Cﾃ｡t ﾄ・・ｻ・ vﾃng,https://hoalanhuyanh.com/userfiles/image/shop-hoa-lan/cat-thien-nga/cat-do-vang-1-1.jpg,250000,"M・ｺｷt hoa la s・ｻｱ pha tr・ｻ・n tuy・ｻ・t v・ｻ・i c・ｻｧa mﾃu ﾄ・・ｻ・ vﾃ vﾃng, cﾃｳ nhi・ｻ・u thﾃ｢n con, thﾃ｢n, lﾃ｡ r・ｺ･t ﾄ・・ｺｹp, bﾃ｡m ch・ｺｷt g・ｻ・ ﾄ・・ｻ・ trong ch・ｺｭu",,Trang Tr?ng
104,Ki・ｺｿm vﾃng hﾃng ﾄ・ﾃi,https://hoalanhuyanh.com/userfiles/image/shop-hoa-lan/lan-dep-khac/kiem/hinh-hoa-kiem-vang-dai-anh-nho.jpg,190000,"Lan ki・ｺｿm vﾃng hoa trﾆ｡n khﾃｴng nh・ｻｯng hoa mﾃ lﾃ｡ cﾅｩng r・ｺ･t ﾄ・・ｺｹp, cﾃ｢y cﾃｳ b・ｺ｣n lﾃ｡ to vﾃ dﾃy hﾆ｡n cﾃ｡c lo・ｺ｡i ki・ｺｿm khﾃ｡c. Mﾃu hoa vﾃng trﾆ｡n cﾅｩng m・ｻ・t trong cﾃ｡c mﾃu ﾄ・・ｺｹp ﾄ・ﾆｰ・ｻ｣c yﾃｪu thﾃｭch nh・ｺ･t.",,Gia ?・nh
105,Phi ﾄ・i・ｻ・p tr・ｺｯng lai tr・ｺｧm tr・ｺｯng,https://hoalanhuyanh.com/userfiles/image/shop-hoa-lan/lai/tram-trang-phi-diep-trang/anh-nho-tram-lai-phi-diep-trang-cay-dep.jpg,600000,"N・ｻ・i b・ｺｭt nh・ｺ･t trong dﾃｲng lai tr・ｺｧm tr・ｺｯng vﾃ phi ﾄ・i・ｻ・p tr・ｺｯng lﾃ cﾃ｢y b・ｺ｡ch long, dﾃｲng lai nﾃy ﾄ・・ｻ・u cﾃｳ ﾄ・・ｺｷc ﾄ・i・ｻ・m bﾃｴng to, thﾆ｡m, trﾃｪn 90% lﾃ bﾃｴng tr・ｺｯng",,Sinh Nh?t
106,Tr・ｺｧm h・ｻ・ng long,https://hoalanhuyanh.com/userfiles/image/shop-hoa-lan/phi-diep/hong-loang-1-1.jpg,450000,"Thﾃ｢n to m・ｺｭp ﾃｺ, m・ｻ・t ch・ｺｭu 3 thﾃ｢n, hoa thﾆ｡m, mﾃu ﾄ・・ｺｹp.Dﾃi trﾃｪn 30cm, Cﾃｳ hﾃｬnh m・ｺｷt hoa nﾄ・m trﾆｰ・ｻ・c",,Gia ?・nh
107,ﾄ・ﾃｴi ﾄ・ai chﾃ｢u tr・ｺｯng,https://hoalanhuyanh.com/userfiles/image/shop-hoa-lan/ngoc-diem/trang/dai-chau-trang-4-1.jpg,300000,"Chﾃ｢u ﾄ・ai chﾃ｢u hoa tr・ｺｯng ﾄ・・ｺｹp, lﾃ｡ khﾃｭt, ﾄ・ang n・ｻ･. Cﾃ｢y ﾄ・ang bﾃ｡m ch・ｺｭu nh・ｻｱa, r・ｺ･t phﾃｹ h・ｻ｣p ﾄ・・ｻ・ ghﾃｩp tr・ｻ･ g・ｻ・ chﾆ｡i xuﾃ｢n.ﾂ",,Gia ?・nh
108,Gi・ｺ｣ h・ｺ｡c momotora,https://hoalanhuyanh.com/userfiles/image/shop-hoa-lan/gia-hac/momotora/gia-hac-momotora-3-1.jpg,350000,"Momotara lo・ｺ｡i gi・ｺ｣ h・ｺ｡c m・ｻ・i nﾃy lﾃ k・ｺｿt qu・ｺ｣ c・ｻｧa c・ｺｷp lai tr・ｺｧm ﾄ・・ｻ・ vﾃ vﾃｴi. Cﾃ｢y cﾃｳ m・ｺｷt bﾃｴng khﾃ｡ ・ｻ・n ﾄ・・ｻ・nh vﾃ cﾃｳ nhi・ｻ・u ﾄ・・ｺｷc ﾄ・i・ｻ・m nhﾆｰ mong ﾄ・・ｻ｣i, cﾃ｢y kh・ｻ・e, thﾃ｢n to, sai hoa, ﾄ・・ｺｷc bi・ｻ・t lﾆｰ・ｻ｡i hoa mang dﾃ｡ng d・ｺ･p c・ｻｧa vﾃｴi nhﾆｰng cﾃｳ mﾃu c・ｻｧa tr・ｺｧm ﾄ・・ｻ・.",,Ti?c C??i
109,Quﾃ t・ｺｷng noel cho b・ｺ｡n gﾃ｡i,https://hoalanhuyanh.com/userfiles/image/ho-diep/noel/3-1.jpg,430000,"Hoa lan h・ｻ・ ﾄ・i・ｻ・p, mﾃｳn quﾃ t・ｺｷng noel ﾃｽ nghﾄｩa vﾃ b・ｺ･t ng・ｻ・ dﾃnh cho b・ｺ｡n gﾃ｡i. Cﾃ｢y kh・ｻ・e m・ｺ｡nh ﾄ・ﾃ｣ ra hoa vﾃ n・ｻ･ cﾃｳ th・ｻ・ chﾆ｡i qua t・ｺｿt dﾆｰﾆ｡ng l・ｻ・ch",,Gia ?・nh
110,Trang trﾃｭ showroom n・ｻ・i th・ｺ･t v・ｻ・i Lan H・ｻ・ ﾄ・i・ｻ・p,https://hoalanhuyanh.com/userfiles/image/ho-diep/showroomnoithat/2-2.jpg,450000,"Lan h・ｻ・ ﾄ・i・ｻ・p phﾃｹ h・ｻ｣p ﾄ・・ｻ・ chﾄ・m sﾃｳc trong phﾃｲng, do chﾃｺng khﾃｴng c・ｺｧn nhi・ｻ・u ﾃ｡nh sﾃ｡ng t・ｻｱ nhiﾃｪn. Hoa lan h・ｻ・ ﾄ・i・ｻ・p cﾅｩng r・ｺ･t lﾃ｢u r・ｻ･ng t・ｻｫ 6- 8 tu・ｺｧn, nhﾆｰ v・ｺｭy b・ｺ｡n ch・ｻ・ ph・ｺ｣i tr・ｺ｣ 10.000 ﾄ・/ngﾃy chi phﾃｭ hoa trang trﾃｭ.",,Khai Tr??ng
111,Hoﾃng th・ｺ｣o bﾆｰ・ｻ・m tr・ｺｯng,https://hoalanhuyanh.com/userfiles/image/shop-hoa-lan/hoang-thao/loai-khac/hoang-thao-buom-trang-1-1.jpg,190000,"Hoa tr・ｺｯng c・ｻｱc ﾄ・・ｺｹp, r・ｺ･t d・ｻ・ chﾄ・m sﾃｳc. Mﾃｹa hoa thﾃ｡ng 3 ﾃ｢m. Tﾃｪn qu・ｻ・c t・ｺｿ Formosum, hﾃng nh・ｺｭp kh・ｺｩu thﾃ｡i lan",,Gia ?・nh
112,Den xuﾃ｢n cﾃ｡nh sen,https://hoalanhuyanh.com/userfiles/image/shop-hoa-lan/vanda-dendro/den-canh-sen/den-xuan-canh-sen-2-1.jpg,260000,"Nh・ｺｭt khﾃｴng ph・ｺ｣i cﾆｰ・ｻ・ng qu・ｻ・c hoa lan nhﾆｰng th・ｻｱc s・ｻｱ lﾃ ra cﾃ｢y nﾃo ch・ｺ･t cﾃ｢y ﾄ・ﾃｳ. Den xuﾃ｢n cﾃ｡nh sen, ﾄ・ﾃ｢y lﾃ cﾃ｢y lai ﾄ・ﾃｹiﾂ gﾃ ﾄ・ﾃｴng dﾆｰﾆ｡ng v・ｻ・i ﾄ・ﾃｹi gﾃ nh・ｺｭt. Mﾃu s・ｺｯc quﾃ｡ ﾄ・・ｺｹp, hﾆｰﾆ｡ng r・ｺ･t n・ｻ・ng",,Gia ?・nh
113,H・ｻ・ng ng・ｻ・c,https://hoalanhuyanh.com/userfiles/image/shop-hoa-lan/lan-dep-khac/lan-hong-ngoc-1.jpg,200000,"Gi・ｺ｣ h・ｺ｡c h・ｻ・ng ng・ｻ・c (Den.adastra) hﾃng nh・ｺｭp ﾄ・ﾃi loan cﾃ｢y kei, chu・ｺｩn m・ｺｷt hoa. Cﾃ｢y kh・ｻ・e ﾄ・ﾃ｣ tr・ｻ・ng t・ｺ｡i vﾆｰ・ｻ・n 1 nﾄ・m, ﾄ・ang phﾃ｡t tri・ｻ・n t・ｻ・t, ﾄ・ang cﾃｳ m・ｺｧm non",,Sinh Nh?t
114,Myaki cam - hoa kh・ｺｿ cam,https://hoalanhuyanh.com/userfiles/image/shop-hoa-lan/hoang-thao/hoa-khe/hoa-khe-cam-hinh-hoa-1-1.jpg,250000,"Myaki cam - hoa kh・ｺｿ cam hﾃng thﾃ｡i, bﾃｴng c・ｻｱc r・ｻｱc r・ｻ｡, hoa ﾄ・・ｺｧu hﾃｨ, ﾄ・ﾃ｣ thu・ｺｧn t・ｺ｡i vﾆｰ・ｻ・n 3 nﾄ・m. Tho・ｺ｣i mﾃ｡i kh・ｻ・e",,T?ng M?
115,ﾄ・en xuﾃ｢n cﾃ｡nh tr・ｺｯng h・ｻ・ng xanh,https://hoalanhuyanh.com/userfiles/image/shop-hoa-lan/vanda-dendro/hong-xanh/den-xuan-canh-trang-hong-xanh-1-1.jpg,300000,"ﾄ・ﾃ｢y lﾃ m・ｻ・t bi・ｺｿn th・ｻ・ c・ｻｧa ﾄ・ﾃｹi gﾃ nﾃｪn v・ｺｫn th・ｻｫa hﾆｰ・ｻ・ng nh・ｻｯng ﾆｰu ﾄ・i・ｻ・m nhﾆｰ cﾃ｢y kh・ｻ・e, thﾃ｢n to ﾄ・・ｺｹp. Nhﾆｰng l・ｺ｡i s・ｻ・ h・ｻｯu m・ｺｷt bﾃｴng vﾃｴ cﾃｹng xu・ｺ･t s・ｺｯc cﾃ｡nh tr・ｺｯng h・ｻ・ng xanh. Hoa mﾃｹa xuﾃ｢n, r・ｺ･t sai hoa dﾃｹ thﾃ｢n cﾃ｢y khﾃｴng quﾃ｡ dﾃi.ﾂ",,T?ng M?
116,Phi ﾄ・i・ｻ・p tr・ｺｯng th・ｻｱc hﾃ,https://hoalanhuyanh.com/userfiles/image/shop-hoa-lan/doc-dao/phi-diep-trang-thuc-ha-1-1.jpg,250000,Bﾃ｡n kei phi ﾄ・i・ｻ・p tr・ｺｯng th・ｻｱc hﾃ. B・ｺ｣o hﾃnh m・ｺｷt hoa. Cﾃ｡c bﾃ｡c lﾆｰu ﾃｽ hﾃng nﾃy bﾃ｡n theo cm nhﾃｩ,,20/11
117,Tr・ｺｧm 6 m・ｺｯt bﾃｴng chu・ｺｩn,https://hoalanhuyanh.com/userfiles/image/shop-hoa-lan/doc-dao/tram-6-mat/tram-6-mat-bong-dep-1-1.jpg,1300000,M・ｻ・i cﾃ｡nh 2 bﾃｪn cﾃｳ thﾃｪm 2 m・ｺｯt k・ｺｿt h・ｻ｣p v・ｻ・i 2 m・ｺｯt lﾆｰ・ｻ｡i t・ｺ｡o thﾃnh bﾃｴng tr・ｺｧm 6 m・ｺｯt. S・ｻ・ h・ｻｯu v・ｺｻ ﾄ・・ｺｹp vﾃ khﾃｴng th・ｻ・ l・ｺｫn l・ｻ・n v・ｻ・i b・ｺ･t c・ｻｩ bﾃｴng tr・ｺｧm nﾃo khﾃ｡c. Vﾃ cﾅｩng r・ｺ･t thﾆ｡mﾂ,,Gia ?・nh
118,Siﾃｪu tr・ｺｧm,https://hoalanhuyanh.com/userfiles/image/shop-hoa-lan/tram/sieu-tram/anh-nho-mat-hoa-sieu-tram-1.jpg,350000,"Hﾃng ﾄ・ﾃi loan, h・ｻｩa h・ｺｹn cho m・ｺｷt hoa ﾄ・・ｺｹp, cﾃ｢y to, thﾃ｢n r・ｺ･t m・ｺｭp. ﾄ・ang ﾄ・ﾆｰ・ｻ｣c tr・ｻ・ng t・ｺ｡i vﾆｰ・ｻ・n kh・ｻ・e m・ｺ｡nh. Lo・ｺ｡i siﾃｪu tr・ｺｧm nﾃy cﾃｳ bﾃｴng to nhﾆｰ phi ﾄ・i・ｻ・p, r・ｺ･t thﾆ｡m vﾃ mang s・ｺｯc mﾃu c・ｻｧa tr・ｺｧm",,T・nh Y・u
119,ﾄ・ai chﾃ｢u tr・ｺｯng ghﾃｩp g・ｻ・,https://hoalanhuyanh.com/userfiles/image/shop-hoa-lan/ngoc-diem/trang/dai-chau-trang-ghep-go-4-1.jpg,400000,"ﾄ・ai chﾃ｢u tr・ｺｯng hﾃng thﾃ｡i ghﾃｩp g・ｻ・, b・ｻ・ lﾃ｡ ﾄ・・ｺｹp, r・ｻ・ bﾃ｡m ch・ｺｷt vﾃo giﾃ｡ th・ｻ・ g・ｻ・. ﾄ・a ph・ｺｧn lﾃ lﾃ｡ x・ｺｿp t・ｺ･t c・ｺ｣ ﾄ・・ｻ・u ﾄ・ang nhﾃｺ n・ｻ･. Lo・ｺ｡i ﾄ・ai chﾃ｢u tr・ｺｯng hﾃng r・ｻｫng thﾃｬ hi・ｺｿm, nhﾆｰng hﾃng thﾃ｡i thﾃｬ cﾃｳ r・ｺ･t nhi・ｻ・u nhﾃｩ, vﾃ giﾃ｡ qua t・ｻｫng nﾄ・m l・ｺ｡i r・ｺｻ hﾆ｡n. Nﾃｪn cﾃ｡c bﾃ｡c khﾃｴng c・ｺｧn lo b・ｻ・ sai mﾃu hoa ﾄ・ﾃ｢u ah.ﾂ",,Gia ?・nh
120,Ti・ｻ・u b・ｺ｡ch long ghﾃｩp g・ｻ・,https://hoalanhuyanh.com/userfiles/image/shop-hoa-lan/gia-hac/tieu-bach-long/anh-nho-tieu-bach-long.jpg,200000,"Ti・ｻ・u b・ｺ｡ch long cﾃｳ thﾃ｢n vﾃ hoa nhﾆｰ ﾄ・・ｺ｡i b・ｺ｡ch long, hoa tr・ｺｯng, r・ｺ･t thﾆ｡m hoa cu・ｻ・i mﾃｹa xuﾃ｢n. Nhﾆｰng d・ｻ・ hoa hﾆ｡n ﾄ・・ｺ｡i b・ｺ｡ch long vﾃ thﾃ｢n cﾅｩng nh・ｻ・ hﾆ｡n.",,Gia ?・nh
121,Gi・ｺ｣ h・ｺ｡c phi ﾄ・i・ｻ・p tﾃｭm lai tr・ｺｧm tﾃｭm,https://hoalanhuyanh.com/userfiles/image/gio-lan/lai/tram-tim-lai/anh-nho-phi-diep-lai-tram.jpg,400000,"Dﾃｲng lai phi ﾄ・i・ｻ・p tﾃｭm vﾃ tr・ｺｧm tﾃｭm cﾃｳ quﾃ｡ nhi・ｻ・u ﾆｰu ﾄ・i・ｻ・m nhﾆｰ thﾃ｢n dﾃi, hoa to, r・ｺ･t thﾆ｡m, phﾃ｡t tri・ｻ・n nhanh. Giﾃｲ ghﾃｩp g・ｻ・ hi・ｻ・n t・ｺ｡i ﾄ・ang r・ｺ･t ﾄ・・ｺｹp, chﾆｰa th・ｺｯt ng・ｻ・n",,T・nh B?n
122,Phi ﾄ・i・ｻ・p 6 m・ｺｯt,https://hoalanhuyanh.com/userfiles/image/shop-hoa-lan/doc-dao/phi-diep-6-mat-3-1.jpg,100000,"M・ｺｷt bﾃｴng c・ｻｱc ﾄ・・ｺｹp cﾃｳ 6 m・ｺｯt lﾃ lo・ｺ｡i ﾄ・・ｻ・t bi・ｺｿn c・ｻｧa dﾃｲng phi ﾄ・i・ｻ・p, ﾄ・ﾆｰ・ｻ｣c r・ｺ･t nhi・ｻ・u ngﾆｰ・ｻ・i chﾆ｡i phi ﾄ・i・ｻ・p yﾃｪu thﾃｭch",,T・nh B?n
123,"Bﾃ｡n 2 Ch・ｺｭu phi ﾄ・i・ｻ・p tﾃｭm, phﾃｭa b・ｺｯc",https://hoalanhuyanh.com/userfiles/image/gio-lan/phi-diep-tim/2-chau-phi-diep-tim/anh-nho-chau-phi-diep-5-ngon.jpg,1100000,"Em bﾃ｡n 2 giﾃｲ ch・ｺｭu phi ﾄ・i・ｻ・p tﾃｭm ngu・ｻ・n g・ｻ・c mi・ｻ・n b・ｺｯc, ﾄ・ang phﾃ｡t tri・ｻ・n t・ｻ・t t・ｺ｡i vﾆｰ・ｻ・n, tr・ｻ・ng ch・ｺｭu v・ｻ・i giﾃ｡ th・ｻ・ v・ｻ・ thﾃｴng, d・ｻ・n c・ｻ・ng. hoa x・ｻ・",,Sinh Nh?t
124,Kei phi ﾄ・i・ｻ・p trﾆｰ・ｻ・ng sﾆ｡n,https://hoalanhuyanh.com/userfiles/image/gio-lan/phi-diep-tim/kei-truong-son/anh-nho-kei-phi-diep-truong-son.jpg,50000,"Kei phi ﾄ・i・ｻ・p hﾃng r・ｻｫng trﾆｰ・ｻ・ng sﾆ｡n cﾃｳ nhi・ｻ・u m・ｺｷt hoa ﾄ・・ｺｹp, ﾄ・ﾃ｣ x・ｻ・ hoa ・ｻ・ vﾆｰ・ｻ・n cﾃ｡c nﾄ・m trﾆｰ・ｻ・c. Kei hi・ｻ・n t・ｺ｡i em ﾄ・ﾃ｣ ﾆｰﾆ｡m kho・ｺ｣ngﾂ 3 thﾃ｡ng, ﾄ・ﾃ｣ ra r・ｻ・.",,T・nh B?n
125,Hﾃi h・ｺｱng,https://hoalanhuyanh.com/userfiles/image/shop-hoa-lan/lan-hai/hai-hang-1-1.jpg,120000,"Hﾃi h・ｺｱng m・ｻ・t lo・ｺ｡i lan ﾄ・・ｺｷc h・ｻｯu c・ｻｧa vi・ｻ・t nam, phﾃｹ h・ｻ｣p v・ｻ・i khﾃｭ h・ｺｭu mi・ｻ・n b・ｺｯc, mﾃｹa hoa thﾃ｡ng 3-4. B・ｺ｣n lﾃ｡ trung bﾃｬnh 3,5 ・・ 4 cm. Cﾃ｢y kh・ｻ・e",,20/11
126,Cﾄ・n di・ｻ・p xanh hﾃng thﾃ｡i,https://hoalanhuyanh.com/userfiles/image/shop-hoa-lan/lan-dep-khac/can-diep/hinh-hoa-can-diep-xanh-1-1.jpg,160000,"B・ｻ・ r・ｻ・ r・ｺ･t d・ｺｧy bﾃ｡m ch・ｺｷt b・ｺ｣ng g・ｻ・, cﾄ・n di・ｻ・p xanh m・ｻ・t trong cﾃ｡c lo・ｺ｡i thﾃｺ v・ｻ・ nh・ｺ･t trong h・ｻ・ nhﾃ Lan",,T・nh B?n
127,ﾄ・・ｺ｡i ﾃｽ th・ｺ｣o hﾃng thu・ｺｧn,https://hoalanhuyanh.com/userfiles/image/shop-hoa-lan/hoang-thao/dai-y-thao/anh-nho-lan-dai-y-thao.jpg,200000,"ﾄ・ﾃ｢y lﾃ lo・ｺ｡i lan gi・ｻ・ng h・ｺ｡c v・ｻｹ nhﾆｰng cﾅｩng hoﾃn toﾃn khﾃ｡c vﾃ r・ｺ･t d・ｻ・ b・ｻ・ nh・ｺｧm. ﾄ・・ｺ｡i ﾃｽ th・ｺ｣o cﾃ｢y phﾃ｡t tri・ｻ・n r・ｺ･t nhanh, vﾃ dﾃi.ﾂ",,T・nh Y・u
128,Lan tﾃｳc tiﾃｪn,https://hoalanhuyanh.com/userfiles/image/shop-hoa-lan/lan-dep-khac/hoa-lan-toc-tien-1-1.jpg,200000,"Hoa thﾃ｡ng 3-4 ﾃ｢m , ng・ｻ・n dﾃi kho・ｺ｣ng 40-50cm, b・ｻ・ r・ｻ・ ﾄ・・ｺｹp, ghﾃｩp g・ｻ・. Cﾃ｡nh hoa tr・ｺｯng, ph・ｺｧn lﾆｰ・ｻ｡i mﾃu tﾃｭm vﾃ vﾃng, r・ｺ･t ﾄ・・ｺｹp",,T・nh Y・u
129,Gi・ｺ｣ h・ｺ｡c hoa h・ｻ・ng ﾄ・・ｻ・,https://hoalanhuyanh.com/userfiles/image/shop-hoa-lan/lan-dep-khac/hoa-hong-do/hinh-hoa-hoa-hong-do-nam-dau-hinh-nho.jpg,70000,Cﾃｳ mﾃu hoa ﾄ・・ｻ・ ﾄ・・ｺｭm vﾃ th・ｺｯm nhﾆｰ hoa h・ｻ・ng vﾃ lﾃ cﾃ｢y lai gi・ｺ｣ h・ｺ｡c v・ｻ・i h・ｺ｡c v・ｻｹ ﾄ・ﾃi nﾃｪn ﾄ・ﾆｰ・ｻ｣c g・ｻ・i lﾃ gi・ｺ｣ h・ｺ｡c hoa h・ｻ・ng. Tﾃｪn ﾄ・ﾃi : Den. Adastra 'Red Rose .ﾂ,,Trong S・ng
130,ﾄ・・ｺ｡i ﾃｽ th・ｺ｣o tr・ｺｯng,https://hoalanhuyanh.com/userfiles/image/shop-hoa-lan/doc-dao/dai-y-thao-trang/dai-y-thao-hoa-trang-1-1.jpg,1000000,"ﾄ・・ｺ｡i ﾃｽ th・ｺ｣o r・ｻｫng hoa ﾄ・・ｻ・t bi・ｺｿn tr・ｺｯng, cﾃ｢y r・ｺ･t ﾄ・・ｺｹp. B・ｺ｣o hﾃnh m・ｺｷt hoa, giao hﾃng toﾃn qu・ｻ・c. Bﾃｴng tr・ｺｯng tinh ﾄ・・ｻ・c vﾃ hi・ｺｿm",,Ti?c C??i
131,Thanh ﾄ・・ｺ｡m indo,https://hoalanhuyanh.com/userfiles/image/shop-hoa-lan/lan-dep-khac/thanh-dam-1-1.jpg,240000,"Thanh ﾄ・・ｺ｡m indo, d・ｻ・ tr・ｻ・ng, nhi・ｻ・u hoa vﾃ ﾄ・・ｺｷc bi・ｻ・t hoa r・ｺ･t thﾆ｡m, cﾃ｢y ra hoa thﾃ｡ng 7 ・・ 12, m・ｻ・t cﾃ｢y cﾃｳ th・ｻ・ cﾃｳ nhi・ｻ・u vﾃｲi hoa",,T・nh B?n
132,Gi・ｺ｣ h・ｺ｡c l・ｻ･c bﾃｬnh,https://hoalanhuyanh.com/userfiles/image/shop-hoa-lan/phi-diep/2017/luc-binh/gia-hac-luc-binh-1-1.jpg,850000,"Hoa cﾃｳ mﾃu tﾃｭm nhﾆｰ l・ｻ･c bﾃｬnh nﾃｪn cﾃｲn ﾄ・ﾆｰ・ｻ｣c bi・ｺｿt ﾄ・・ｺｿn v・ｻ・i tﾃｪn gi・ｺ｣ h・ｺ｡c l・ｻ･c bﾃｬnh, hoa r・ｺ･t thﾆ｡m. Cﾃｳ giﾃ｡ tr・ｻ・ cao, lﾃ lo・ｺ｡i gi・ｺ｣ h・ｺ｡c ﾄ・・ｻ・c ﾄ・ﾃ｡o",,V?n Ph・ng
133,Gi・ｺ｣ h・ｺ｡c thiﾃｪn s・ｻｩ,https://hoalanhuyanh.com/userfiles/image/shop-hoa-lan/gia-hac/thien-su/gia-hac-thien-su-3-1.jpg,290000,"Hi・ｺｿm cﾃｳ lo・ｺ｡i gi・ｺ｣ h・ｺ｡c cﾃｴng nghi・ｻ・p nﾃo ﾄ・ﾆｰ・ｻ｣cﾂ nhi・ｻ・u ngﾆｰ・ｻ・i sﾄ・n lﾃｹng vﾃ t・ｺ｡o ra cﾆ｡n s・ｻ・t nhﾆｰ gi・ｺ｣ h・ｺ｡c Thiﾃｪn S・ｻｩ. R・ｺ･t may ﾄ・ﾃ｢y l・ｺ｡i lﾃ lo・ｺ｡i lan c・ｻｧa ﾄ・ﾃi Loan nﾃｪn t・ｻ・c ﾄ・・ｻ・ nhﾃ｢n gi・ｻ・ng nhanh, s・ｻ・m ﾄ・ﾃ｡p ・ｻｩng ﾄ・ﾆｰ・ｻ｣c nhu c・ｺｧu ngﾆｰ・ｻ・i chﾆ｡i lan",,Gia ?・nh
134,Tr・ｺｧm hybis hﾃng ﾄ・ﾃi loan,https://hoalanhuyanh.com/userfiles/image/shop-hoa-lan/phi-diep/tram/tram-hybis-dai-1-1.jpg,280000,"Tr・ｺｧm hybis ﾄ・ﾃi loan cﾃ｢y ﾄ・ang phﾃ｡t tri・ｻ・n r・ｺ･t kh・ｻ・e, thﾃ｢n m・ｺｭp, ﾄ・・ｺｹp nhﾆｰ hﾃｬnh. Hoa s・ｻ・ x・ｻ・ nhﾆｰng form hoa g・ｺｧn nhﾆｰ gi・ｻ・ng nhau vﾃ toﾃn bﾃｴng ﾄ・・ｺｹpTr・ｺｧm",,?am M・ Huy?n B・
135,Gi・ｺ｣ h・ｺ｡c tr・ｺｯng mﾅｩi h・ｻ・ng,https://hoalanhuyanh.com/userfiles/image/shop-hoa-lan/phi-diep/gia-hac/5-canh-trang-mui-hong-3-1.jpg,550000,"Cﾃ｡nh tr・ｺｯng mﾅｩi h・ｻ・ng c・ｻｱc ﾄ・・ｺｹp, thﾃ｢n r・ｺ･t m・ｺｭp.Hﾃng thﾃ｡i cﾃ｢y kh・ｻ・e giﾃ｡ r・ｺｻ, m・ｺｷt hoa ﾄ・・ｺｹp. Hﾃng sﾆｰu t・ｺｧm khﾃｴng th・ｻ・ b・ｻ・ qua",,Sinh Nh?t
136,Gi・ｺ｣ h・ｺ｡c tﾃｭm thﾃ｡i,https://hoalanhuyanh.com/userfiles/image/shop-hoa-lan/phi-diep/2017/phi-diep-thai-1-1.jpg,230000,"Giﾃｲ gi・ｺ｣ h・ｺ｡c tﾃｭm r・ｻｫng c・ｻｧa thﾃ｡i (khﾃｴng ph・ｺ｣i hﾃng cﾃｴng nghi・ｻ・p), ghﾃｩp g・ｻ・ nﾄ・m 2. Giﾃ｡ r・ｺ･t h・ｺ･p d・ｺｫn, cﾃ｢y kh・ｻ・e ﾄ・・ｺｹp. R・ｻ・ ﾄ・ﾃ｣ bﾃ｡m ﾄ・・ｺｧy b・ｺ｣ng g・ｻ・, b・ｺ｣ng cﾃｳ 2 ho・ｺｷc 3 thﾃ｢n.",,H?i Ngh?
137,Gi・ｺ｣ h・ｺ｡c h・ｻ・ng nhung,https://hoalanhuyanh.com/userfiles/image/shop-hoa-lan/phi-diep/2017/hong-nhung/gia-hac-hong-nhung-1-1.jpg,360000,"ﾄ・ﾃ｢y lﾃ lo・ｺ｡i lan m・ｻ・i c・ｻｧa ﾄ・ﾃi loan, cﾃｳ ngu・ｻ・n g・ｻ・c t・ｻｫ gi・ｺ｣ h・ｺ｡c hoa h・ｻ・ng nhﾆｰng bﾃｴng ﾄ・・ｺｭm hﾆ｡n, nﾃｪn ngoﾃi tﾃｪn gi・ｺ｣ h・ｺ｡c h・ｻ・ng nhung cﾃｲn cﾃｳ tﾃｪn khﾃ｡c lﾃ gi・ｺ｣ h・ｺ｡c hoa h・ｻ・ng bﾃｴng ﾄ・・ｺｭm. ﾄ・ANG N・ｻ､",,Sinh Nh?t
138,Ki・ｺｿm vﾃng hoa s・ｻ・c,https://hoalanhuyanh.com/userfiles/image/shop-hoa-lan/lan-dep-khac/kiem/kiem-hoa-soc-3-1.jpg,500000,"Bﾃ｡c nﾃo thﾃｭch ki・ｺｿm khﾃｴng? Lo・ｺ｡i nﾃy c・ｻｱc kh・ｻ・e, phﾃ｡t tri・ｻ・n nhanh, ra nhi・ｻ・u hoa thﾆ｡m d・ｻ・u. Ch・ｺｭu nhi・ｻ・u thﾃ｢n.",,Sinh Nh?t
139,ﾄ・ai chﾃ｢u tr・ｺｯng m・ｺｹ con,https://hoalanhuyanh.com/userfiles/image/gio-lan/dai-chau/trang-me-con/anh-nho-dai-chau-trang.jpg,800000,"ﾄ・ai chﾃ｢u lo・ｺ｡i lan khﾃｴng th・ｻ・ thi・ｺｿu m・ｻ・i khi xuﾃ｢n v・ｻ・, cﾃ｢y cﾃｳ hﾆｰﾆ｡ng thﾆ｡m n・ｻ・ng vﾃ mﾃu s・ｺｯc ﾄ・a d・ｺ｡ng. Trong ﾄ・ﾃｳ ﾄ・ai chﾃ｢u tr・ｺｯng r・ｺ･t ﾄ・ﾆｰ・ｻ｣c yﾃｪu thﾃｭch b・ｻ・i s・ｻｱ m・ｻ・i m・ｺｻ tinh khﾃｴi",,Sinh Nh?t
140,"Tr・ｺｧm tr・ｺｯng, hﾃng ﾄ・ﾃi loan",https://hoalanhuyanh.com/userfiles/image/shop-hoa-lan/phi-diep/tram-trang-dai/tram-trang-hang-dai-1-1.jpg,280000,"Tr・ｺｧm tr・ｺｯng, hﾃng ﾄ・ﾃi loan. Thﾃ｢n r・ｺ･t dﾃi, hoa tr・ｺｯng tinh cﾃｳ mﾃｹi thﾆ｡m c・ｻｧa tr・ｺｧm. Cﾃ｢y em bﾃ｡n nﾄ・m 2 dﾃi kho・ｺ｣ng 10-15cm.",,Sinh Nh?t
141,Chu ﾄ・ﾃｬnh vﾃng,https://hoalanhuyanh.com/userfiles/image/shop-hoa-lan/lan-dep-khac/chu-dinh-vang-1-1.jpg,2400000,"Bﾃ｡n chu ﾄ・・ｻ・nh vﾃng, cﾃ｢y tr・ｻ・ng t・ｺ｡i vﾆｰ・ｻ・n nﾃｪn r・ｺ･t kh・ｻ・e m・ｺ｡nh, lﾃ｡ ﾄ・・ｺｹp . Hoa mﾃｹa xuﾃ｢n vﾃ mﾃｹa hﾃｨ",,Gia ?・nh
142,Hoﾃng th・ｺ｣o vﾃｴi tr・ｺｯng,https://hoalanhuyanh.com/userfiles/image/shop-hoa-lan/hoang-thao/voi/hoang-thao-voi-trang-1-1.jpg,230000,Bﾃｴng hoa ch・ｻｩa m・ｻ・t mﾃu tr・ｺｯng tinh khi・ｺｿt vﾃ M・ｻ・t m・ｺ｡ng lﾆｰ・ｻ・i m・ｺ｡ch mﾃ｡u h・ｻ・ng m・ｻ・ trﾃｪn n・ｻ・n vﾃng c・ｺ｣m ・ｻｩng . Cﾃｹng v・ｻ・i hﾆｰﾆ｡ng thﾆ｡m n・ｻ・ng,,Chia Bu?n
143,Hawai tﾃｭm hﾃng c・ｻ・c,https://hoalanhuyanh.com/userfiles/image/shop-hoa-lan/lan-dep-khac/hawai-tim-1-1.png,250000,"Hawai tﾃｭm b・ｺ｣ng d・ｻ・n cﾃ｢y ﾄ・・ｺｹp, ﾄ・ang phﾃ｡t tri・ｻ・n t・ｻ・t b・ｺｯt ﾄ・・ｺｧu vﾃo nﾄ・m 3. M・ｻ・i b・ｺ｣ng cﾃｳ 3,4 ﾄ・・ｺｧu, dﾃi t・ｻｫ 10-20cm. Cﾃ｢y r・ｺ･t kh・ｻ・e nhﾆｰ hﾃｬnh bﾃｪn dﾆｰ・ｻ・i nhﾃｩ.ﾂ",,T?ng M?
144,ﾄ・・ｻ・a lan thanh ng・ｻ・c,https://hoalanhuyanh.com/userfiles/image/hoa-tet/dia-lan-kiem/lan-thanh-ngoc-1-1.jpg,200000,"ﾄ・・ｻ・a lan thanh ng・ｻ・c hoa xuﾃ｢n, hoa r・ｺ･t b・ｻ・n nﾃｪn thﾆｰ・ｻ・ng ﾄ・ﾆｰ・ｻ｣c chﾆ｡i vﾃo d・ｻ・p t・ｺｿt. Bﾃｴng mﾃu xanh, thﾆ｡m s・ｻ・ h・ｻｯu v・ｺｻ ﾄ・・ｺｹp thanh tao. Vﾃｲi hoa dﾃi kho・ｺ｣ng 30-40cm cﾃ｡c cﾃ｢y kh・ｻ・e cho nhi・ｻ・u bﾃｴng trﾃｪn m・ｻ・t vﾃｲi hﾆ｡n t・ｻｫ 3-9 bﾃｴng. Em giao hﾃngﾂ t・ｻｫ 2 thﾃ｢n.",,Ti?c C??i
145,Cﾃ｡t m・ｺｷt hoa xinh M369,https://hoalanhuyanh.com/userfiles/image/shop-hoa-lan/cat-thien-nga/cat-thom/cat-m369-1-2.jpg,200000,"Bﾃｴng cﾃ｡t mini mﾃu h・ｻ・ng ﾄ・・ｻ・, cﾃ｡nh hoa cﾃｳ 4 m・ｺｯt tr・ｺｯng ﾄ・・ｻ・i x・ｻｩng r・ｺ･t ﾄ・・ｺｹp. Cﾅｩng nhﾆｰ cﾃ｡c lo・ｺ｡i cﾃ｡t mini khﾃ｡c bﾃｴng M369 nﾃy cﾃｳ hﾆｰﾆ｡ng thﾆ｡m nh・ｺｹ.",,Thanh Cao
146,Tr・ｺｧm w3 c・ｻｱc thﾆ｡m,https://hoalanhuyanh.com/userfiles/image/shop-hoa-lan/phi-diep/tram/w3/tram-w3-cuc-thom-1-1.jpg,450000,"Cﾃ｢y m・ｻ・i chu・ｺｩn m・ｺｷt hoa, vﾃ c・ｻｱc thﾆ｡m c・ｻｧa ﾄ・ﾃi loan. Gi・ｻ・ng cﾃ｢y nﾃy cﾃｳ thﾃ｢n m・ｺｭp, phﾃ｡t tri・ｻ・n theo phﾆｰﾆ｡ng th・ｺｳng ﾄ・・ｻｩng, d・ｻ・ dﾃng ﾄ・・ｺ｡t chi・ｻ・u dﾃi trﾃｪn 50cm ・・ 1m",,T・nh Y・u
147,Gi・ｺ｣ h・ｺ｡c lﾃ｡ biﾃｪn,https://hoalanhuyanh.com/userfiles/image/shop-hoa-lan/phi-diep/2017/gia-hac/gia-hac-la-bien-1-1.jpg,180000,Dﾃｲng nﾃy hﾃng thﾆｰ・ｻ・ng khﾃｴng cﾃｳ nhi・ｻ・u do ﾄ・・ｻ・ chu・ｺｩn cﾃ｢y nﾃｪn ﾄ・ﾆｰ・ｻ｣c nhﾃ｢n gi・ｻ・ng kei (khﾃｴng ph・ｺ｣i hﾃng mﾃｴ). Cﾃ｢y nﾄ・m 2,,Thanh Cao
148,ﾄ・ai chﾃ｢u cﾃ｢y ﾄ・ﾆ｡n nh・ｻ・ cﾃ｡c mﾃu,https://hoalanhuyanh.com/userfiles/image/shop-hoa-lan/ngoc-diem/cay-nho-cac-mau/dai-chau-cay-nho-2-1.jpg,55000,"ﾄ・ﾃｳn t・ｺｿt v・ｻ・i ﾄ・ai chﾃ｢u cﾃ｡c mﾃu, cﾃ｢y ﾄ・・ｺｹp, ﾄ・ﾃ｢y lﾃ c・ｻ｡ cﾃ｢y ﾄ・ﾆ｡n nh・ｻ・ hﾃng thﾃ｡i cﾃｳ cﾃ｡c mﾃu, ﾄ・・ｻ・, ﾄ・・ｻ・m, h・ｻ・ng cﾃ｡nh sen, bﾃｲ s・ｻｯa. Kh・ｺ｣ nﾄ・ng hoa t・ｺｿt lﾃ r・ｺ･t cao. T・ｺ･t c・ｺ｣ ﾄ・・ｻ・u tr・ｻ・ng trong ch・ｺｭu nh・ｻｱa nh・ｻ・ cﾃｳ b・ｻ・ r・ｻ・ ﾄ・・ｺｹp.ﾂﾂ",,Sinh Nh?t
149,Ch・ｺｭu nestor n・ｻ･,https://hoalanhuyanh.com/userfiles/image/gio-lan/chau-nestor/nestor-nu-1-1.jpg,280000,"Cﾃ・y ghﾃｩp g・ｻ・ ﾄ・・ｻ・ trong ch・ｺｭu nh・ｻｱa, ﾄ・ang cﾃｳ n・ｻ･. Khﾃｴng bi・ｺｿt m・ｺｷt hoa, ch・ｻ・ ch・ｺｯc ch・ｺｯn lﾃ hoa thﾆ｡m. ﾄ・ang lﾃｪn cﾃ｢y non",,Thanh Cao
150,Phi ﾄ・i・ｻ・p tﾃ｢y b・ｺｯc,https://hoalanhuyanh.com/userfiles/image/gio-lan/phi-diep-tim/phi-diep-tay-bac-1-1.jpg,2200000,"Giﾃｲ ghﾃｩp d・ｻ・n tr・ｻ・ng ch・ｺｭu nh・ｻｱa, ﾄ・ﾃ｣ vﾃo vﾆｰ・ｻ・n hﾆ｡n 1 nﾄ・m cﾃ｢y ﾄ・ang mﾃｹa phﾃ｡t tri・ｻ・n sung s・ｻｩc. Hﾃng phi ﾄ・i・ｻ・p tﾃｭm tﾃ｢y b・ｺｯc",,Gia ?・nh
151,Tﾃｳc tiﾃｪn k・ｺｹo d・ｻｫa,https://hoalanhuyanh.com/userfiles/image/shop-hoa-lan/lan-dep-khac/toc-tien-keo-dua-1.jpg,220000,"M・ｻ・i nﾄ・m ch・ｻ・ ra hoa 1 l・ｺｧn, nhﾆｰng cﾃ｢y r・ｺ･t d・ｻ・ tr・ｻ・ng, phﾃ｡t tri・ｻ・n nhanh. Cﾃｳ th・ｻ・ ﾄ・・ｻ・ lﾃm cﾃ｢y c・ｺ｣nh",,Gia ?・nh
152,Cﾄ・n di・ｻ・p vﾃng hﾃng thﾃ｡i,https://hoalanhuyanh.com/userfiles/image/shop-hoa-lan/lan-dep-khac/can-diep/can-diep-vang-thai-3-1.jpg,150000,"Cﾄ・n di・ｻ・p lo・ｺ｡i hoa thﾃｺ v・ｻ・ nh・ｺ･t trong cﾃ｡c gi・ｻ・ng lan. Cﾃ｢y hﾃng thﾃ｡i ﾄ・ﾃ｣ bﾃ｡m ch・ｺｯc giﾃ｡ th・ｻ・, s・ｻｩc s・ｻ・ng mﾃ｣nh li・ｻ・t",,Gia ?・nh
153,Siﾃｪu tr・ｺｧm ﾄ・・ｻ・,https://hoalanhuyanh.com/userfiles/image/shop-hoa-lan/tram/2017/sieu-tram-do/hoa-sieu-tram-do-1.jpg,260000,"N・ｻ・i ti・ｺｿng v・ｻ・i mﾃu hoa tﾃｭm ﾄ・・ｻ・ r・ｺ･t ﾄ・・ｺｭm, vﾃ hﾆｰﾆ｡ng thﾆ｡m n・ｻ・ng.",,Chia Bu?n
154,Hﾃi niveum,https://hoalanhuyanh.com/userfiles/image/shop-hoa-lan/lan-hai/hai-nevium-2-1.jpg,250000,"Em bﾃ｡n Bﾃ｡n hﾃi niveum ﾄ・ﾃ｣ ﾄ・ﾆｰ・ｻ｣c tr・ｻ・ng thu・ｺｧn t・ｺ｡i vﾆｰ・ｻ・n trong th・ｻ・i gian dﾃi, cﾃ｡c bﾃ｡c lﾆｰu ﾃｽ cﾃｳ lo・ｺ｡i hﾃi em bﾃ｡n theo cﾃ｢y, cﾃｳ lo・ｺ｡i bﾃ｡n theo ch・ｺｭu. Khi chuy・ｻ・n hﾃng em s・ｺｽ b・ｻ・ ch・ｺｭu , ch・ｻ・ g・ｻｭi m・ｻ・i cﾃ｢y.ﾂ",,Chia Bu?n
155,Hﾃi tﾃ｡o,https://hoalanhuyanh.com/userfiles/image/shop-hoa-lan/lan-hai/hai-tao-1.jpg,150000,"Hﾃi tﾃ｡o hay hﾃi ﾄ・ﾃi trong t・ｻｱ nhiﾃｪn cﾃｳ nhi・ｻ・u ・ｻ・ khu v・ｻｱc qu・ｺ｣ng bﾃｬnh, lﾃ｡ dﾃi ﾄ・・ｺｹp cﾃｳ s・ｻｩc s・ｻ・ng r・ｺ･t t・ｻ・t.Tﾃｪn khoa h・ｻ・cﾂ P. appletonianum",,S? Ki?n
156,Hﾃi hi・ｻ・p,https://hoalanhuyanh.com/userfiles/image/shop-hoa-lan/lan-hai/hai-hiep-1-1.jpg,150000,Lan hﾃi hi・ｻ・p phﾃ｢n b・ｻ・ ch・ｻｧ y・ｺｿu ・ｻ・ phﾃｭa b・ｺｯc ﾄ・ﾆｰ・ｻ｣c tﾃｬm th・ｺ･y nhi・ｻ・u ・ｻ・ vﾃｹng nﾃｺi tuyﾃｪn quang,,Khai Tr??ng
157,Hﾃi Charles worthii,https://hoalanhuyanh.com/userfiles/image/shop-hoa-lan/lan-hai/hai-charlesworthii-3.jpg,250000,"Lan hﾃi Charles worthii trong t・ｻｱ nhiﾃｪn phﾃ｢n b・ｻ・ t・ｺ｡i Thﾃ｡i lan, myanma, ・ｺ･n ﾄ・・ｻ・ . Chﾃｺng thﾆｰ・ｻ・ng ﾄ・ﾆｰ・ｻ｣c tﾃｬm th・ｺ･y trong bﾃｳng rﾃ｢m, v・ｻ・i r・ｻ・ bﾃ｡m ch・ｺｷt vﾃo cﾃ｡c t・ｺ｣ng ﾄ・ﾃ｡",,Chia Bu?n
158,Hﾃi g・ｺ･m,https://hoalanhuyanh.com/userfiles/image/shop-hoa-lan/lan-hai/hai-gam-1-1.jpg,100000,"Lan hﾃi g・ｺ･m ﾄ・ﾃ｣ thu・ｺｧn t・ｺ｡i vﾆｰ・ｻ・n mi・ｻ・n b・ｺｯc, m・ｻ・t ch・ｺｭu cﾃｳ t・ｻｫ 3 ﾄ・・ｺｿn 5 cﾃ｢y. Cﾃ｢y ﾄ・ang phﾃ｡t tri・ｻ・n r・ｺ･t kh・ｻ・e",,Chia Bu?n
159,Tr・ｺｧm tr・ｺｯng lai tr・ｺｧm ﾃ｡m,https://hoalanhuyanh.com/userfiles/image/shop-hoa-lan/tram/lai/trang-lai-am/tram-trang-lai-am-3-1.jpg,320000,"ﾄ・ﾆｰ・ｻ｣c lai t・ｻｫ 2 gi・ｻ・ng tr・ｺｧm n・ｻ・i ti・ｺｿng, m・ｺｷc dﾃｹ lﾃ hﾃng lai nhﾆｰng lﾃ hﾃng ﾄ・ﾃi nﾃｪn t・ｻｷ l・ｻ・ ra bﾃｴng ﾄ・・ｺｹp r・ｺ･t cao. Cﾃ｢y nﾄ・m 2 r・ｺ･t m・ｺｭp vﾃ kh・ｻ・e.ﾂ",,T・nh Y・u
160,Tr・ｺｧm tﾃｭm ﾄ・ﾃi loan,https://hoalanhuyanh.com/userfiles/image/shop-hoa-lan/phi-diep/tram-tim-dai/tram-tim-hang-dai-1-2.jpg,250000,Tr・ｺｧm tﾃｭm thu・ｺｧn m・ｻ・i v・ｻ・. ﾄ・ﾆｰ・ｻ｣c l・ｻｱa ch・ｻ・n nhﾃ｢n gi・ｻ・ng t・ｻｫ nh・ｻｯng bﾃｴng tr・ｺｧm r・ｻｫng ﾄ・・ｺｹp. Giﾃｲ t・ｻｫ hai m・ｺｧm tr・ｻ・ lﾃｪn ﾄ・ang phﾃ｡t tri・ｻ・n r・ｺ･t kh・ｻ・eﾂ,,20/11
161,Hoﾃng th・ｺ｣o hoa tr・ｺｯng,https://hoalanhuyanh.com/userfiles/image/shop-hoa-lan/hoang-thao/hoa-trang/hoang-thao-hoa-trang-3-1.jpg,200000,"ﾄ・ﾃ｢y lﾃ tﾃｪn em g・ｻ・i t・ｺ｡m thﾃｴi cﾃｲn tﾃｪ chﾃｭnh th・ｻｩc c・ｻｧa nﾃｳ lﾃ Den Lovely white, ﾄ・ﾃ｢y lﾃ hﾃng thﾃ｡i. Nﾄ・m 2 cﾃｳ nhi・ｻ・u thﾃ｢n, ﾄ・ang bﾃ｡m g・ｻ・. hoa tr・ｺｯng h・ｻ・ng xanh",,H?i Ngh?
162,Ki・ｻ・u vuﾃｴng,https://hoalanhuyanh.com/userfiles/image/gio-lan/kieu/kieu-vuong-1-1.jpg,180000,"Em cﾃｳ m・ｺ･y ch・ｺｭu ki・ｻ・u vuﾃｴng ﾄ・・ｺｹp, trﾃｴng ch・ｺｭu nh・ｻｱa giﾃ｡ th・ｻ・ g・ｻ・, cﾃ｢y r・ｺ･t ﾄ・・ｺｹp . Ch・ｺｭu cﾃｳ 6,7 thﾃ｢n.",,H?i Ngh?
163,"Phi ﾄ・i・ｻ・p tr・ｺｯng, hﾃng thﾃ｡i",https://hoalanhuyanh.com/userfiles/image/shop-hoa-lan/phi-diep/phi-diep-trang-thai-1-1.jpg,300000,"Phi ﾄ・i・ｻ・p tr・ｺｯng tuy・ｻ・n hay gi・ｺ｣ h・ｺ｡c tr・ｺｯng. Cﾃ｢y ﾄ・ang phﾃ｡t tri・ｻ・n t・ｻ・t, hi・ｻ・n t・ｺ｡i cﾃ｢y con ﾄ・ang lﾃｪn cﾃｳ th・ｻ・ hoa bﾃｳi nﾄ・m sau, m・ｺｷt hoa nhﾆｰ hﾃｬnh. Phong lan phi ﾄ・i・ｻ・p tr・ｺｯng tuy・ｻ・n cﾃｳ giﾃ｡ r・ｺｻ hﾆ｡n lan r・ｻｫng r・ｺ･t nhi・ｻ・u",,V?n Ph・ng
164,ﾄ・ai chﾃ｢u gi・ｻ・ng thﾃ｡i,https://hoalanhuyanh.com/userfiles/image/shop-hoa-lan/ngoc-diem/cay-giong/dai-chau-la-thuong-cay-giong-hinh-nho.jpg,23000,"Bﾃ｡n ﾄ・ai chﾃ｢u t・ｺ｡i hﾃ n・ｻ・i, hﾃng thﾃ｡i. Giao hﾃng t・ｻｫ 10 cﾃ｢y. Hi・ｻ・n t・ｺ｡i cﾃ｢y ﾄ・ang ch・ｺｭu nh・ｻｱa nh・ｻ・, phﾃ｡t tri・ｻ・n t・ｻ・t cﾃｳ 2,3 c・ｺｷp lﾃ｡ tﾃｹy cﾃ｢y.",,Gia ?・nh
165,Cﾃ｡t tum h・ｻ・ng,https://hoalanhuyanh.com/userfiles/image/shop-hoa-lan/lan-dep-khac/cattum-1-1.jpg,240000,ﾄ・ﾃ｢y lﾃ cﾃ｢y m・ｻ・i nﾃｪn t・ｺ｡i vi・ｻ・t nam em chﾆｰa th・ｺ･y c・ｻ・ng ﾄ・・ｻ・ng nﾃo ﾄ・・ｺｷt tﾃｪn chﾃｭnh th・ｻｩc cho nﾃｳ. Tﾃｪn bﾃｪn ﾄ・ﾃi lﾃ clowesia grace dunn,,Trong S・ng
166,Hoﾃng th・ｺ｣o ﾄ・ﾆ｡n cam thﾃ｡i,https://hoalanhuyanh.com/userfiles/image/shop-hoa-lan/hoang-thao/don-cam/don-cam-thai-3-1.jpg,200000,"ﾄ・ﾆ｡n cam thﾃ｡i ghﾃｩp b・ｺ｣ng g・ｻ・, bﾃ｡n theo giﾃｲ. Bﾃｴng to nhﾆｰng hﾆ｡i nh・ｺ｡t so v・ｻ・i ﾄ・ﾆ｡n cam r・ｻｫng, ﾄ・ﾃ｣ tr・ｻ・ng t・ｺ｡i vﾆｰ・ｻ・n nﾄ・m 2, d・ｻ・ chﾄ・m sﾃｳc, d・ｻ・ ra hoa. Hoa ﾄ・・ｺｧu hﾃｨ",,?am M・ Huy?n B・
167,Phi ﾄ・i・ｻ・p blue,https://hoalanhuyanh.com/userfiles/image/shop-hoa-lan/phi-diep/gia-hac/phi-diep-blue-3-1.jpg,240000,"Mﾃu nﾃy s・ｺｽ r・ｺ･t khﾃｳ thﾃ｢y trong t・ｻｱ nhiﾃｪn, ngay c・ｺ｣ hﾃng cﾃｴng nghi・ｻ・p cﾅｩng khﾃｴng cﾃｳ nhi・ｻ・u. Hoa mﾃu blue, cﾃ｢y dﾃi, thﾃ｢n khﾃ｡ to phﾃ｡t tri・ｻ・n nhanh",,Ti?c C??i
168,Ti・ｻ・u h・ｻ・ ﾄ・i・ｻ・p lﾃ｡ biﾃｪn,https://hoalanhuyanh.com/userfiles/image/hoa-tet/ho-diep-la-bien/ho-diep-la-bien-2-1.jpg,230000,"H・ｻ・ ﾄ・i・ｻ・p lﾃ｡ phﾃ｡t tﾃi, trﾃｲn ﾄ・・ｺｹp vﾃｴ cﾃｹng ﾃｽ nghﾄｩa trong nh・ｻｯng ngﾃy ﾄ・・ｺｧu nﾄ・m, lﾃm quﾃ t・ｺｷng ho・ｺｷc ﾄ・・ｺｷt trong nhﾃ ﾄ・・ｻ・ may m・ｺｯn ngﾃy t・ｺｿt ﾄ・・ｻ・u ﾄ・ﾆｰ・ｻ｣c. Cﾃ｢y thu・ｻ・c dﾃｲng mini vﾃｲi hoa ng・ｺｯn, hoa n・ｻ・ chﾃｹm r・ｺ･t ﾄ・・ｺｹp",,Khai Tr??ng
169,Ch・ｺｭu hoa h・ｻ・ ﾄ・i・ｻ・p t・ｺｿt,https://hoalanhuyanh.com/userfiles/image/hoa-tet/chau-ho-diep/chau-ho-diep-tet-3-1.jpg,100000,"Bﾃ｡n cﾃ｡c ch・ｺｭu h・ｻ・ ﾄ・i・ｻ・p t・ｺｿt lo・ｺ｡i 1 , ﾄ・・ｻ・ lﾃm quﾃ t・ｺｷng, trang trﾃｭ vﾄ・n phﾃｲng, nhﾃ ・ｻ・, bi・ｻ・t th・ｻｱ, cﾃ｡c ﾄ・・ｻ・a ﾄ・i・ｻ・m t・ｻ・ ch・ｻｩc s・ｻｱ ki・ｻ・n trong nﾄ・m m・ｻ・i ・・ Ch・ｺ･t lﾆｰ・ｻ｣ng t・ｻ・t nh・ｺ･t - Nh・ｺｭp t・ｻｫ ﾄ・ﾃi Loan - Th・ｺｿ nﾃo lﾃ H・ｻ・ ﾄ・i・ｻ・p Lo・ｺ｡i 1 ?",,H?i Ngh?
170,Tr・ｺｧm 6 m・ｺｯt lai tr・ｺｧm h・ｻ・ng,https://hoalanhuyanh.com/userfiles/image/shop-hoa-lan/lai/tram-6mat-hong/hoa-tram-6-mat-lai-tram-hong-1-1.jpg,230000,"Chﾆｰa x・ｻ・ hoa l・ｺｧn nﾃo, k・ｺｿt h・ｻ｣p 2 lo・ｺ｡i tr・ｺｧm n・ｻ・i ti・ｺｿng 6 m・ｺｯt m・ｺｷt bﾃｴng ﾄ・・ｺｹp, ﾄ・・ｻ・c, l・ｺ｡ vﾃ tr・ｺｧm h・ｻ・ng hﾆｰﾆ｡ng thﾆ｡m c・ｻｱc ﾄ・・ｺｭm. Hoa x・ｻ・",,Gia ?・nh
171,Gi・ｺ｣ h・ｺ｡c h・ｻ・ng tuy・ｻ・n,https://hoalanhuyanh.com/userfiles/image/shop-hoa-lan/phi-diep/5ct-dai/gia-hac-hong-tuyen-3-1.jpg,220000,"Gi・ｺ｣ h・ｺ｡c bﾃｴng h・ｻ・ng tuy・ｻ・n (semi pink), cﾃ｡nh h・ｻ・ng d・ｻ・u nh・ｺｹ nhﾃng, h・ｻ・ng m・ｺｧu ﾄ・・ｺｭm hﾆ｡n, m・ｺｷt hoa r・ｺ･t xinh. Cﾃ｢y mﾃｴ hﾃng ﾄ・ai",,H?i Ngh?
172,Tr・ｺｧm b・ｺ｣o b・ｺ｣o,https://hoalanhuyanh.com/userfiles/image/shop-hoa-lan/tram/2017/4n/hinh-hoa-tram-bao-bao-1.jpg,450000,,,Gia ?・nh
173,Ngh・ｻ・ tﾃ｢m ﾄ・・ｻ・t bi・ｺｿn lﾃ｡,https://hoalanhuyanh.com/userfiles/image/shop-hoa-lan/hoang-thao/nghe-tam/anh-nho-nghe-tam-bach-kim.jpg,300000,"Ngh・ｻ・ tﾃ｢m ﾄ・・ｻ・t bi・ｺｿn lﾃ｡ b・ｺ｡ch kim, hﾃng ﾄ・ﾃi. Hﾃng dﾃnh riﾃｪng cho cﾃ｡c bﾃ｡c thﾃｭch sﾆｰu t・ｺｧm b・ｻ・ lﾃ｡ (hﾃng hi・ｺｿm), cﾃ｢y nh・ｻ・ nhﾆｰng r・ｺ･t kh・ｻ・e.",,H?i Ngh?
174,"Tr・ｺｧm tﾃｭm giﾃｲ to, ﾄ・・ｺｹp",https://hoalanhuyanh.com/userfiles/image/gio-lan/tram-tim/tram-tim-gio-to-dep-2-1.jpg,750000,"Thﾃ｢n m・ｺｭp, to r・ｺ･t kh・ｻ・e ﾄ・ang bﾃ｡m b・ｺ｣ng g・ｻ・. Hﾃng tr・ｺｧm tﾃｭm r・ｻｫng ﾄ・ﾆｰ・ｻ｣c tr・ｻ・ng thu・ｺｧn t・ｺ｡i vﾆｰ・ｻ・n. Cﾃ｢y v・ｺｫn ti・ｺｿp t・ｻ･c phﾃ｡t tri・ｻ・n, hoa mﾃｹa sau.",,H?i Ngh?
175,Hﾃi chﾃｳ ﾄ・・ｻ・m,https://hoalanhuyanh.com/userfiles/image/shop-hoa-lan/lan-hai/lan-hai-cho-dom-1-1.jpg,80000,"Bﾃ｡n theo cﾃ｢y, m・ｻ・t ch・ｺｭu cﾃｳ t・ｻｫ 2 ﾄ・・ｺｿn 3 cﾃ｢y ﾄ・ﾃ｣ thu・ｺｧn t・ｺ｡i vﾆｰ・ｻ・n mi・ｻ・n b・ｺｯc. Hoa khﾃ｡ to vﾃ ﾄ・・ｺｹp, ﾄ・ﾆｰ・ｻ｣c nhi・ｻ・u ngﾆｰ・ｻ・i chﾆ｡i hﾃi yﾃｪu thﾃｭch.",,C・ T・nh
176,Hoﾃng th・ｺ｣o kﾃｨn hﾃng Thﾃ｡i,https://hoalanhuyanh.com/userfiles/image/shop-hoa-lan/hoang-thao/ken/anh-nho-hinh-hoa-lan-ken.jpg,200000,"Hoa lan hoﾃng th・ｺ｣o kﾃｨn n・ｻ・i ti・ｺｿng v・ｻ・i mﾃu tﾃｭm ﾄ・・ｺｹp vﾃ phom hoa b・ｺｯt m・ｺｯt, hoa mﾃｹa xuﾃ｢n . ﾄ・ﾃ｢y cﾅｩng lﾃ lo・ｺ｡i lan khﾃｳ thu・ｺｧn nhﾆｰng ﾄ・ﾆｰ・ｻ｣c r・ｺ･t nhi・ｻ・u ngﾆｰ・ｻ・i chﾆ｡i lan tﾃｬm ki・ｺｿm",,C・ T・nh
177,Hﾆｰng th・ｻ・nh ・・ hoa chﾃｺc m・ｻｫng,https://vietflower.vn/wp-content/uploads/2017/02/hﾆｰng-th・ｻ・nh-hoa-chﾃｺc-m・ｻｫng-1.jpg,1620000,"K・ｻ・ hoa khai trﾆｰﾆ｡ng hﾆｰng th・ｻ・nh v・ｻ・i nﾃｩt ﾄ・・ｻ・cﾂﾄ・ﾃ｡o cﾃｳ ﾄ・ﾃｴi ph・ｺｧn khﾃ｡c l・ｺ｡, ﾄ・i・ｻ・m nh・ｺ･n v・ｻ・i 2 cﾃnh lan h・ｻ・ ﾄ・i・ｻ・p, lﾃm b・ｺｭt lﾃｪn s・ｻｱ ﾄ・・ｺｳng c・ｺ･p tuy・ｻ・t ﾄ・・ｻ・nh. R・ｺ･t phﾃｹ h・ｻ｣p cho hoa khai trﾆｰﾆ｡ng hoﾃnh trﾃ｡ng, sang tr・ｻ・ng, l・ｻ・ k・ｻ・ ni・ｻ・m, ngﾃy thﾃnh l・ｺｭp, l・ｻ・ khﾃ｡nh thﾃnh. K・ｻ・ hoa chﾃｺc m・ｻｫng nﾃy cﾅｩng thﾃｭch h・ｻ｣p t・ｺｷng l・ｻ・ h・ｻ・i h・ｻ・p・ｦD・ｻ・ch v・ｻ･ ﾄ・i・ｻ・n hoa ch・ｻ・ cﾃｳ t・ｺ｡i Vietflower :",,Gia ?・nh
178,Lan h・ｻ・ ﾄ・i・ｻ・p ・・ b・ｺ･t khu・ｺ･t,https://vietflower.vn/wp-content/uploads/2017/04/CF324__04323.1448249057.500.500-370x480.jpg,1180000,Lan l,,Gia ?・nh
179,Lan h・ｻ・ ﾄ・i・ｻ・p ・・ duy nh・ｺ･t,https://vietflower.vn/wp-content/uploads/2017/04/C29-4882__08478.1417292007.500.500-370x480.jpg,350000,None,,?am M・ Huy?n B・
180,Lan h・ｻ・ ﾄ・i・ｻ・p ・・ khﾃｴng ng・ｺ｡i,https://vietflower.vn/wp-content/uploads/2017/04/CF525__36336.1473632081.500.500-294x480.jpg,1100000,E th・ｺｹn ﾄ・ﾃｺng b・ｺ｣n ch・ｺ･t m・ｻ・ng manh c・ｻｧa nh・ｻｯng ﾄ・ﾃｳa hoa lan h・ｻ・ ﾄ,,Chia Bu?n
181,Lan h・ｻ・ ﾄ・i・ｻ・p ・・ Vhﾄ・001,https://vietflower.vn/wp-content/uploads/2017/03/1-piece-orchids-in-vase-4-450x600-370x480.jpg,680000,None,,Ti?c C??i
182,Lan h・ｻ・ ﾄ・i・ｻ・p ・・ VHﾄ・0010,https://vietflower.vn/wp-content/uploads/2017/04/1-piece-orchids-in-vase-37-450x600-370x480.jpg,250000,None,,Gia ?・nh
183,Lan h・ｻ・ ﾄ・i・ｻ・p ・・ VHﾄ・0011,https://vietflower.vn/wp-content/uploads/2017/04/1-piece-orchids-in-vase-38-450x600-370x480.jpg,250000,None,,H?i Ngh?
184,Lan h・ｻ・ ﾄ・i・ｻ・p ・・ VHﾄ・0012,https://vietflower.vn/wp-content/uploads/2017/04/1-piece-orchids-in-vase-41-450x600-370x480.jpg,480000,None,,Chia Bu?n
185,Lan h・ｻ・ ﾄ・i・ｻ・p ・・ VHﾄ・002,https://vietflower.vn/wp-content/uploads/2018/04/lopdayhoccamhoatuoi-370x480.jpg,1850000,None,,V?n Ph・ng
186,Lan h・ｻ・ ﾄ・i・ｻ・p ・・ VHﾄ・003,https://vietflower.vn/wp-content/uploads/2017/04/1-piece-orchids-in-vase-7-450x600-370x480.jpg,480000,None,,V?n Ph・ng
187,Lan h・ｻ・ ﾄ・i・ｻ・p ・・ VHﾄ・004,https://vietflower.vn/wp-content/uploads/2017/04/1-piece-orchids-in-vase-10-450x600-370x480.jpg,260000,None,,Trong S・ng
188,Lan h・ｻ・ ﾄ・i・ｻ・p ・・ VHﾄ・005,https://vietflower.vn/wp-content/uploads/2017/04/1-piece-orchids-in-vase-14-450x600-370x480.jpg,720000,None,,20/11
189,Lan h・ｻ・ ﾄ・i・ｻ・p ・・ VHﾄ・006,https://vietflower.vn/wp-content/uploads/2017/04/1-piece-orchids-in-vase-17-450x600-370x480.jpg,1680000,None,,H?i Ngh?
190,Lan h・ｻ・ ﾄ・i・ｻ・p ・・ VHﾄ・007,https://vietflower.vn/wp-content/uploads/2017/04/1-piece-orchids-in-vase-25-450x600-370x480.jpg,1260000,None,,Sinh Nh?t
191,Lan h・ｻ・ ﾄ・i・ｻ・p ・・ VHﾄ・008,https://vietflower.vn/wp-content/uploads/2017/04/1-piece-orchids-in-vase-31-450x600-370x480.jpg,980000,None,,Gia ?・nh
192,Lan h・ｻ・ ﾄ・i・ｻ・p ・・ VHﾄ・009,https://vietflower.vn/wp-content/uploads/2017/04/1-piece-orchids-in-vase-36-450x600-370x480.jpg,1550000,None,,T・nh B?n
193,Lan h・ｻ・ ﾄ・i・ｻ・p -VHLﾄ・029,https://vietflower.vn/wp-content/uploads/2017/02/lan-ho-diep-0011.jpg,1350000,"ﾂLan h・ｻ・ ﾄ・i・ｻ・p t・ｺ｡i vietflower.vn, giﾃ｡ luﾃｴn luﾃｴn ・ｻ・n ﾄ・・ｻ・nh, cung c・ｺ･p cho cﾃ｡c shop hoa, ﾆｰu tiﾃｪn cﾃ｡c doanh nghi・ｻ・p mua nhi・ｻ・u, giﾃ｡ ・ｻ・n ﾄ・・ｻ・nh quanh nﾄ・mD・ｻ・ch v・ｻ･ ﾄ・i・ｻ・n hoa ch・ｻ・ cﾃｳ t・ｺ｡i Vietflower :",,Ti?c C??i
194,Lan h・ｻ・ ﾄ・i・ｻ・p 0019,https://vietflower.vn/wp-content/uploads/2018/08/lanhodiepvietflower-370x400.jpg,750000,None,,T・nh B?n
195,Lan h・ｻ・ ﾄ・i・ｻ・p VFl023,https://vietflower.vn/wp-content/uploads/2018/08/999_lan-ho-diep.jpg,1320000,"Lan h・ｻ・ ﾄ・i・ｻ・p, hi・ｻ・n nay khi nhu c・ｺｧu t・ｺｷng hoa tﾄ・ng cao, thﾃｬ lan h・ｻ・ ﾄ・i・ｻ・p lﾃ m・ｻ・t trong nh・ｻｯng loﾃi hoa ﾄ・ﾆｰ・ｻ｣c hay t・ｺｷng nhi・ｻ・u nh・ｺ･t, vﾃｬ nﾃｳ luﾃｴn luﾃｴn sang tr・ｻ・ng vﾃ cﾃｳ ﾄ・・ｻ・ b・ｻ・nh lﾃ｢u.ﾄ・・ｻ・ ﾄ・・ｺｷt mua lan h・ｻ・ ﾄ・i・ｻ・p hﾃ｣y g・ｻ・i 0933387393(zalo-viber)",,C・ T・nh
196,Lan H・ｻ・ ﾄ・i・ｻ・p VFL024,https://vietflower.vn/wp-content/uploads/2018/08/123_lan-ho-diep-vang.jpg,1100000,None,,C・ T・nh
197,Lan h・ｻ・ ﾄ・i・ｻ・p VHﾄ・0012,https://vietflower.vn/wp-content/uploads/2018/07/lanhodiepdailoan-370x400.png,2400000,None,,T・nh B?n
198,Lan h・ｻ・ ﾄ・i・ｻ・p VLﾄ・0013,https://vietflower.vn/wp-content/uploads/2018/07/lanhodiepmautrang-370x400.jpg,750000,None,,Gia ?・nh
199,Lan H・ｻ・ ﾄ・i・ｻ・p VLﾄ・0014,https://vietflower.vn/wp-content/uploads/2018/07/Lanhodiep-370x400.jpg,1150000,None,,T・nh B?n
200,Lan h・ｻ・ ﾄ・i・ｻ・p VLﾄ・0015,https://vietflower.vn/wp-content/uploads/2018/08/lanhodiepvld0015-370x400.gif,2200000,None,,Trang Tr?ng
201,Lan h・ｻ・ ﾄ・i・ｻ・p VLﾄ・0016,https://vietflower.vn/wp-content/uploads/2018/08/lanhodiepvld0016-370x400.jpg,780000,None,,Trang Tr?ng
202,Lan h・ｻ・ ﾄ・i・ｻ・p VLﾄ・0017,https://vietflower.vn/wp-content/uploads/2018/08/lanhodiepchau1canh-370x400.jpg,300000,None,,T・nh B?n
203,Lan h・ｻ・ ﾄ・i・ｻ・p VLﾄ・0018,https://vietflower.vn/wp-content/uploads/2018/08/lanhodiep2canh-370x400.jpg,580000,None,,T・nh Y・u
204,Lan h・ｻ・ ﾄ・i・ｻ・p VLﾄ・0020,https://vietflower.vn/wp-content/uploads/2018/08/lahodiepvang-370x400.png,1760000,None,,T・nh B?n
205,Lan h・ｻ・ ﾄ・i・ｻ・p VLﾄ・0021,https://vietflower.vn/wp-content/uploads/2018/08/lanhodiephong-370x400.jpg,1100000,None,,Khai Tr??ng
206,Lan h・ｻ・ ﾄ・i・ｻ・p VLﾄ・0021,https://vietflower.vn/wp-content/uploads/2018/08/chaulanhodiep-370x400.jpg,2560000,None,,Gia ?・nh
207,Lan h・ｻ・ ﾄ・i・ｻ・p VLﾄ・0022,https://vietflower.vn/wp-content/uploads/2018/08/lanhodiepgiaretphcm-370x400.jpg,1320000,None,,V?n Ph・ng
208,R・ｻ・ng l・ｻ・n ・・ hoa sinh nh・ｺｭt,https://vietflower.vn/wp-content/uploads/2017/02/3189_big-love.jpg,1280000,"Tﾃｬnh yﾃｪu thﾆｰﾆ｡ng mﾃｪnh mﾃｴng, r・ｻ・ng l・ｻ・n nhﾆｰ bi・ｻ・n c・ｺ｣, l・ｺｵng hoa ph・ｻ・i h・ｻ｣p t・ｺ･t c・ｺ｣ nh・ｻｯng tﾃｴng mﾃu ﾄ・・ｺｧy tﾃｭnh s・ｺｯc s・ｺ｣o vﾃ ﾄ・・ｺｳng c・ｺ･p. Thﾃｭch h・ｻ｣p t・ｺｷng sinh nh・ｺｭt, chﾃｺc s・ｻｩc kh・ｻ・e,",,Ti?c C??i
209,Thiﾃｪn th・ｺｧn ・・ hoa sinh nh・ｺｭt,https://vietflower.vn/wp-content/uploads/2017/02/4615_only-one.jpg,900000,"Xu・ｺ･t hi・ｻ・n ra trﾆｰ・ｻ・c m・ｺｯt ta lﾃ loﾃi hoa lan h・ｻ・ ﾄ・i・ｻ・p cao c・ｺ･p, ch・ｻｩng t・ｻ・ ﾄ・ﾆｰ・ｻ｣c ﾄ・・ｺｳng c・ｺ･p riﾃｪng bi・ｻ・t khi trao t・ｺｷng, c・ｺ｣m th・ｺ･y ﾄ・ﾆｰ・ｻ｣c trﾃ｢ng tr・ｻ・ng nhi・ｻ・u hﾆ｡n n・ｻｯa, tﾃｬnh c・ｺ｣m ・ｺ･y khi・ｺｿn cho ngﾆｰ・ｻ・i nh・ｺｭn khﾃｳ quﾃｪn. Bﾃｳ hoa sinh nh・ｺｭt cao c・ｺ･p nﾃy phﾃｹ h・ｻ｣p t・ｺｷng sinh nh・ｺｭt ngﾆｰ・ｻ・i yﾃｪu, sinh nh・ｺｭt ﾄ・・ｻ・ng nghi・ｻ・p, sinh nh・ｺｭt ngﾆｰ・ｻ・i thﾃ｢n.D・ｻ・ch v・ｻ･ ﾄ・i・ｻ・n hoa ch・ｻ・ cﾃｳ t・ｺ｡i Vietflower :",,H?i Ngh?
210,Vﾅｩ ﾄ・i・ｻ・u thiﾃｪn th・ｺｧn ・・ hoa sinh nh・ｺｭt,https://vietflower.vn/wp-content/uploads/2017/02/4691_ngau-nhien.jpg,1250000,"ﾄ・ﾃｳ lﾃ s・ｻｱ k・ｺｿt h・ｻ｣p tinh t・ｺｿ cﾃ｡c lo・ｺ｡i hoa y・ｻ・u ﾄ・i・ｻ・u, t・ｺ｡o s・ｻｱ lﾃ｣ng m・ｺ｡n nh・ｺｹ nhﾃng, ﾃｪm ﾄ・・ｻ・m, trao nhau nh・ｻｫng tﾃｬnh thﾆｰﾆ｡ng ﾄ・・ｺｧm ・ｺ･m, b・ｺｱng s・ｻｱ ph・ｻ・i h・ｻ｣p cﾃ｡c lo・ｺ｡i hoa lan cao c・ｺ･p nhﾆｰ: lan h・ｻ・ ﾄ・i・ｻ・p, lan vﾅｩ n・ｻｯ, thﾃｪm vﾃo ﾄ・ﾃｳ lﾃ mﾃu xanh c・ｻｧa Green wicky, s・ｺ｣n ph・ｺｩm mang ﾄ・・ｺｧy tﾃｭnh ngh・ｻ・ thu・ｺｭt vﾃ tinh t・ｺｿ. K・ｻ・ hoa r・ｺ･t thﾃｭch h・ｻ｣p lﾃm hoaﾂsinh nh・ｺｭt s・ｺｿp, sinh nh・ｺｭt ﾄ・・ｻ・ng nghi・ｻ・p, sinh nh・ｺｭt ngﾆｰ・ｻ・i thﾃ｢n, m・ｻｫng s・ｻｩc kh・ｻ・e ba, m・ｺｹ・ｦD・ｻ・ch v・ｻ･ ﾄ・i・ｻ・n hoa ch・ｻ・ cﾃｳ t・ｺ｡i Vietflower :",,Trang Tr?ng
211,Vﾆｰﾆ｡n cao ・・ hoa chﾃｺc m・ｻｫng,https://vietflower.vn/wp-content/uploads/2017/02/ShowItemSubImage-1-370x480.jpg,1550000,"K・ｻ・ hoa khai trﾆｰﾆ｡ngﾂ・・ vﾆｰﾆ｡n cao・・ ﾄ・ﾆｰ・ｻ｣c thi・ｺｿt k・ｺｿ tinh t・ｺｿ t・ｻｫ cﾃ｡c lo・ｺ｡i hoa tﾆｰﾆ｡i cao c・ｺ･p Lan h・ｻ・ ﾄ・i・ｻ・p, lily, ﾄ・・ｻ・ng ti・ｻ・n ﾄ・・ｻ・, mokara vﾃng. Theo phong th・ｻｧy mﾃu ﾄ・・ｻ・ r・ｺ･t thﾃｭch h・ｻ｣p cho h・ｻｷ s・ｻｱ, l・ｻ・ h・ｻ・i..K・ｻ・ hoa tao m・ｻ・t s・ｻｱ nghiﾃｪm tﾃｺc ﾄ・・ｺｷc bi・ｻ・t mﾃ shop hoa tﾆｰﾆ｡i vietflower.vn mu・ｻ・n g・ｻ・i ﾄ・・ｺｿn khﾃ｡ch hﾃng. M・ｺｫu hoa chﾃｺc m・ｻｫng nﾃy r・ｺ･t phﾃｹ h・ｻ｣p lﾃm hoa khai trﾆｰﾆ｡ng t・ｺｷng ﾄ・・ｻ・i tﾃ｡c, ho・ｺｷc l・ｻ・ khﾃ｡nh thﾃnh, l・ｻ・ k・ｻ・ ni・ｻ・m・ｦD・ｻ・ch v・ｻ･ ﾄ・i・ｻ・n hoa ch・ｻ・ cﾃｳ t・ｺ｡i Vietflower :",,T・nh Y・u
